id,text
m0001,"Hello, search returns the same row twice, from my account page."
m0002,"Support, it would be great to have dark mode. No rush."
m0003,"I need to change the email on my profile, since my last invoice. Thanks."
m0004,"Hello, the price of my plan went up without notice."
m0005,"my card was declined at renewal, it is not an error on your side. Please advise."
m0006,I cannot log in since this morning. Thanks.
m0007,Quick one: search returns the same row twice. Please advise.
m0008,the chart shows a wrong total. No rush.
m0009,can you add keyboard shortcuts. Thanks.
m0010,"Support, the invoice shows the wrong amount. Please advise."
m0011,"Good morning, I wish there was a weekly summary email. This is urgent."
m0012,Quick one: please reset my password. This is urgent.
m0013,"Good morning, I wish there was a weekly summary email. No rush."
m0014,"Good morning, my login is locked after three tries, on the paid plan."
m0015,"Hello, how do I delete my account, like the new feature does. No rush."
m0016,"Support, I need to change the email on my profile. This is urgent."
m0017,"Hi team, my login is locked after three tries. Thanks."
m0018,"Hi team, my login is locked after three tries. This is urgent."
m0019,"Support, the chart shows a wrong total. Please advise."
m0020,"Hello, I wish there was a weekly summary email. No rush."
m0021,"Good morning, my card was declined at renewal. Regards, a customer."
m0022,"Hi team, I wish there was a weekly summary email. This is urgent."
m0023,"Quick one: the app crashes when I open a report, on the paid plan."
m0024,"Hi team, please reset my password, on the paid plan. Please advise."
m0025,"Hi team, the dashboard does not load on mobile. Regards, a customer."
m0026,"Support, the chart shows a wrong total."
m0027,could you support single sign-on. Please advise.
m0028,"Hi team, the price of my plan went up without notice. This is urgent."
m0029,"Quick one: I need to change the email on my profile, it is not an error on your side. Regards, a customer."
m0030,"Support, the dashboard does not load on mobile, since my last invoice."
m0031,"Hi team, please reset my password. No rush."
m0032,"Good morning, the two-factor code never arrives. This is urgent."
m0033,"Support, the dashboard does not load on mobile. Please advise."
m0034,"Good morning, it would be great to have dark mode. No rush."
m0035,"Good morning, the price of my plan went up without notice, once my password was accepted. Please advise."
m0036,"Good morning, I cannot log in since this morning."
m0037,"Good morning, I was charged twice this month. Regards, a customer."
m0038,"Hello, the dashboard does not load on mobile, once my password was accepted. This is urgent."
m0039,"Hi team, the chart shows a wrong total. Thanks."
m0040,"Hi team, I need to change the email on my profile."
m0041,"Support, the screen freezes while saving, as you added last month. Regards, a customer."
m0042,"can you add keyboard shortcuts. Regards, a customer."
m0043,"Support, please reset my password, on the paid plan. Regards, a customer."
m0044,"Hello, the export page shows error 500. Please advise."
m0045,"Hello, search returns the same row twice. This is urgent."
m0046,"Hi team, the invoice shows the wrong amount. This is urgent."
m0047,Quick one: the export page shows error 500. Thanks.
m0048,Quick one: I cannot log in since this morning. Please advise.
m0049,Quick one: the screen freezes while saving. This is urgent.
m0050,Quick one: please reset my password. No rush.
m0051,"Hi team, search returns the same row twice."
m0052,"Good morning, the dashboard does not load on mobile. This is urgent."
m0053,"Hi team, I need to change the email on my profile. Thanks."
m0054,"Hi team, the price of my plan went up without notice. No rush."
m0055,"Hi team, the invoice shows the wrong amount. Thanks."
m0056,"Hello, I need to change the email on my profile, unlike the option you added. This is urgent."
m0057,"Good morning, the app crashes when I open a report, once my password was accepted."
m0058,Quick one: I was charged twice this month.
m0059,"Hi team, could you support single sign-on. Please advise."
m0060,"Quick one: I cannot log in since this morning. Regards, a customer."
m0061,"Good morning, the app crashes when I open a report, like the new feature does. No rush."
m0062,"Hi team, I was charged twice this month. Please advise."
m0063,Quick one: the chart shows a wrong total.
m0064,"Hi team, the export page shows error 500, like the new feature does. This is urgent."
m0065,"Support, search returns the same row twice. Regards, a customer."
m0066,"the export page shows error 500, on the paid plan. Thanks."
m0067,"Good morning, the app crashes when I open a report. No rush."
m0068,"Hello, the chart shows a wrong total, once my password was accepted."
m0069,"Good morning, the screen freezes while saving."
m0070,"Hello, please reset my password. Regards, a customer."
m0071,the invoice shows the wrong amount. No rush.
m0072,"Hi team, could you support single sign-on, it is not an error on your side. This is urgent."
m0073,"Quick one: the chart shows a wrong total. Regards, a customer."
m0074,"Hi team, please reset my password."
m0075,"Hi team, a way to share a report by link would help."
m0076,Quick one: the price of my plan went up without notice. Please advise.
m0077,"Good morning, the screen freezes while saving. Regards, a customer."
m0078,"Quick one: my login is locked after three tries, as you added last month. Thanks."
m0079,please add an export to spreadsheet. This is urgent.
m0080,"Hi team, the price of my plan went up without notice. No rush."
m0081,"the chart shows a wrong total, after I logged in. Please advise."
m0082,"Good morning, the price of my plan went up without notice, after I logged in. Regards, a customer."
m0083,Quick one: a way to share a report by link would help. Thanks.
m0084,"Hi team, the invoice shows the wrong amount. No rush."
m0085,"Hi team, search returns the same row twice. No rush."
m0086,"Hi team, can you add keyboard shortcuts. Regards, a customer."
m0087,the two-factor code never arrives. No rush.
m0088,"Hello, my card was declined at renewal. Regards, a customer."
m0089,the two-factor code never arrives. Please advise.
m0090,"Quick one: I would like a refund for the last payment, nothing crashes. This is urgent."
m0091,Quick one: I need to change the email on my profile. Please advise.
m0092,I cannot log in since this morning. No rush.
m0093,"Support, could you support single sign-on, it is not an error on your side. Thanks."
m0094,"could you support single sign-on, from my account page. No rush."
m0095,"Hello, a way to share a report by link would help."
m0096,"Good morning, the export page shows error 500. Regards, a customer."
m0097,"Quick one: could you support single sign-on, after I logged in. Regards, a customer."
m0098,"Good morning, please add an export to spreadsheet. Thanks."
m0099,"Support, the invoice shows the wrong amount, unlike the option you added. Regards, a customer."
m0100,"Quick one: the invoice shows the wrong amount, no bug as far as I can tell. Please advise."
m0101,"where is the receipt for my payment, no bug as far as I can tell. This is urgent."
m0102,"Support, the two-factor code never arrives. No rush."
m0103,"Hi team, could you support single sign-on. This is urgent."
m0104,"Hello, the export page shows error 500. Please advise."
m0105,"can you add keyboard shortcuts, no bug as far as I can tell. Please advise."
m0106,"Hello, please add an export to spreadsheet. Thanks."
m0107,"Good morning, I cannot log in since this morning. This is urgent."
m0108,"Quick one: the dashboard does not load on mobile, on the paid plan. No rush."
m0109,"Hello, please reset my password, no bug as far as I can tell. Please advise."
m0110,"Good morning, the app crashes when I open a report."
m0111,"Good morning, the chart shows a wrong total. No rush."
m0112,"Hello, my card was declined at renewal. Please advise."
m0113,"Hi team, please add an export to spreadsheet, on the paid plan. Regards, a customer."
m0114,Quick one: the two-factor code never arrives. Please advise.
m0115,"Hello, I was charged twice this month. Regards, a customer."
m0116,"Quick one: it would be great to have dark mode, right after the payment page. This is urgent."
m0117,"the price of my plan went up without notice, as you added last month. Regards, a customer."
m0118,"Good morning, the invoice shows the wrong amount, from my account page. This is urgent."
m0119,"Good morning, the invoice shows the wrong amount. No rush."
m0120,Quick one: I was charged twice this month. Please advise.
m0121,the app crashes when I open a report. Thanks.
m0122,Quick one: I wish there was a weekly summary email. No rush.
m0123,I was charged twice this month. No rush.
m0124,"Good morning, the chart shows a wrong total, as you added last month. No rush."
m0125,Quick one: please reset my password. This is urgent.
m0126,"Good morning, a way to share a report by link would help. Thanks."
m0127,"Good morning, the chart shows a wrong total, like the new feature does. Regards, a customer."
m0128,"Quick one: I wish there was a weekly summary email, after I logged in. Regards, a customer."
m0129,"Good morning, I would like a refund for the last payment, nothing crashes. Regards, a customer."
m0130,"Hello, where is the receipt for my payment. Thanks."
m0131,my login is locked after three tries.
m0132,"Support, I cannot log in since this morning. No rush."
m0133,"Hi team, the dashboard does not load on mobile, after I logged in. Regards, a customer."
m0134,"Good morning, my login is locked after three tries. Please advise."
m0135,"Good morning, please reset my password."
m0136,"Hi team, I wish there was a weekly summary email. No rush."
m0137,"Good morning, I was charged twice this month. Please advise."
m0138,search returns the same row twice. No rush.
m0139,"Hello, where is the receipt for my payment, no bug as far as I can tell. Thanks."
m0140,"Support, my login is locked after three tries. Please advise."
m0141,"Hello, how do I delete my account, like the new feature does. Please advise."
m0142,"Quick one: it would be great to have dark mode. Regards, a customer."
m0143,"Hi team, I cannot log in since this morning."
m0144,"Hello, a way to share a report by link would help. Please advise."
m0145,"Support, please add an export to spreadsheet, no bug as far as I can tell. Thanks."
m0146,"Quick one: please add an export to spreadsheet, since my last invoice."
m0147,"Hi team, where is the receipt for my payment. Regards, a customer."
m0148,"Hello, the export page shows error 500."
m0149,"Hi team, my login is locked after three tries. Thanks."
m0150,"Support, the chart shows a wrong total."
m0151,"Hi team, a way to share a report by link would help."
m0152,"Quick one: please add an export to spreadsheet, on the paid plan. Thanks."
m0153,"Hi team, the chart shows a wrong total, from my account page. Please advise."
m0154,"Good morning, I wish there was a weekly summary email. No rush."
m0155,"Hi team, the chart shows a wrong total, like the new feature does."
m0156,Quick one: I wish there was a weekly summary email.
m0157,"Support, I wish there was a weekly summary email. Thanks."
m0158,Quick one: where is the receipt for my payment. No rush.
m0159,"please add an export to spreadsheet. Regards, a customer."
m0160,"Quick one: the app crashes when I open a report, after I logged in. Please advise."
m0161,"Support, the chart shows a wrong total. Regards, a customer."
m0162,"Hello, I cannot log in since this morning."
m0163,"Good morning, it would be great to have dark mode."
m0164,"Hello, my card was declined at renewal, no bug as far as I can tell. This is urgent."
m0165,the export page shows error 500. Please advise.
m0166,search returns the same row twice. This is urgent.
m0167,"Support, the app crashes when I open a report. This is urgent."
m0168,"Support, how do I delete my account. Regards, a customer."
m0169,"Hi team, the price of my plan went up without notice. Please advise."
m0170,can you add keyboard shortcuts. Thanks.
m0171,"Good morning, I was charged twice this month. This is urgent."
m0172,"Hello, the price of my plan went up without notice. No rush."
m0173,"Hi team, the invoice shows the wrong amount. Please advise."
m0174,Quick one: the dashboard does not load on mobile. Thanks.
m0175,"Hi team, the chart shows a wrong total. This is urgent."
m0176,"Support, please add an export to spreadsheet. Please advise."
m0177,"please reset my password, right after the payment page."
m0178,"Good morning, I need to change the email on my profile. This is urgent."
m0179,"Good morning, I cannot log in since this morning, since my last invoice. No rush."
m0180,"Good morning, I wish there was a weekly summary email, once my password was accepted. Regards, a customer."
m0181,"Hello, could you support single sign-on, right after the payment page. Thanks."
m0182,"Good morning, it would be great to have dark mode. This is urgent."
m0183,"Support, could you support single sign-on, after I logged in. Thanks."
m0184,"Good morning, can you add keyboard shortcuts. This is urgent."
m0185,"Support, I need to change the email on my profile. This is urgent."
m0186,"Hi team, the export page shows error 500."
m0187,the invoice shows the wrong amount. This is urgent.
m0188,"Support, where is the receipt for my payment. Please advise."
m0189,"Hi team, the invoice shows the wrong amount."
m0190,Quick one: can you add keyboard shortcuts. No rush.
m0191,"Hi team, how do I delete my account. No rush."
m0192,"Hello, the price of my plan went up without notice. Regards, a customer."
m0193,Quick one: could you support single sign-on. Please advise.
m0194,I need to change the email on my profile. Please advise.
m0195,"Hi team, please add an export to spreadsheet, it is not an error on your side. Thanks."
m0196,Quick one: I would like a refund for the last payment. This is urgent.
m0197,"Support, the price of my plan went up without notice. This is urgent."
m0198,"Hello, I would like a refund for the last payment. Regards, a customer."
m0199,"Support, it would be great to have dark mode. Regards, a customer."
m0200,"Support, the invoice shows the wrong amount. Thanks."
m0201,"Hi team, please reset my password. This is urgent."
m0202,"Hello, I need to change the email on my profile, on the paid plan. Please advise."
m0203,"Hi team, where is the receipt for my payment. This is urgent."
m0204,I was charged twice this month. Thanks.
m0205,"Quick one: I was charged twice this month. Regards, a customer."
m0206,"Hello, I was charged twice this month."
m0207,"Good morning, the app crashes when I open a report. No rush."
m0208,"Good morning, the export page shows error 500. Thanks."
m0209,"Hi team, the chart shows a wrong total, as you added last month. Regards, a customer."
m0210,"Quick one: please add an export to spreadsheet. Regards, a customer."
m0211,"Hi team, where is the receipt for my payment. Thanks."
m0212,"Hi team, my login is locked after three tries. Please advise."
m0213,I was charged twice this month. Please advise.
m0214,I would like a refund for the last payment. Please advise.
m0215,Quick one: my login is locked after three tries. No rush.
m0216,"Support, the screen freezes while saving. No rush."
m0217,"Good morning, can you add keyboard shortcuts, right after the payment page."
m0218,"Support, please reset my password, like the new feature does. Thanks."
m0219,"Quick one: please reset my password. Regards, a customer."
m0220,Quick one: the app crashes when I open a report.
m0221,"Support, the invoice shows the wrong amount, nothing crashes."
m0222,"Hi team, the price of my plan went up without notice. Please advise."
m0223,"Good morning, the export page shows error 500. Regards, a customer."
m0224,"the export page shows error 500, once my password was accepted. Thanks."
m0225,"Hello, a way to share a report by link would help. Regards, a customer."
m0226,"Hi team, the invoice shows the wrong amount. No rush."
m0227,"Good morning, it would be great to have dark mode. Regards, a customer."
m0228,"Good morning, I cannot log in since this morning. Regards, a customer."
m0229,"Hi team, the two-factor code never arrives, right after the payment page. Please advise."
m0230,"Hello, please reset my password, since my last invoice. Regards, a customer."
m0231,"Hi team, I was charged twice this month."
m0232,"Hello, the screen freezes while saving."
m0233,"the price of my plan went up without notice, after I logged in."
m0234,the two-factor code never arrives. No rush.
m0235,"Support, could you support single sign-on, nothing crashes. Thanks."
m0236,"Hi team, I wish there was a weekly summary email, nothing crashes. Thanks."
m0237,Quick one: the export page shows error 500. Please advise.
m0238,"Good morning, search returns the same row twice, like the new feature does. Thanks."
m0239,Quick one: I cannot log in since this morning. Thanks.
m0240,"Hello, the chart shows a wrong total."
m0241,"Support, the chart shows a wrong total. Please advise."
m0242,"Hello, could you support single sign-on. No rush."
m0243,can you add keyboard shortcuts. No rush.
m0244,the invoice shows the wrong amount. This is urgent.
m0245,"Support, I cannot log in since this morning. Regards, a customer."
m0246,the export page shows error 500. Please advise.
m0247,"Good morning, the price of my plan went up without notice. Thanks."
m0248,Quick one: I was charged twice this month. Thanks.
m0249,"Quick one: I cannot log in since this morning, like the new feature does. Please advise."
m0250,"Hi team, please reset my password. This is urgent."
m0251,"Support, could you support single sign-on, right after the payment page. No rush."
m0252,"Good morning, please reset my password."
m0253,the export page shows error 500. Please advise.
m0254,"Quick one: I wish there was a weekly summary email. Regards, a customer."
m0255,"Support, can you add keyboard shortcuts. Thanks."
m0256,Quick one: where is the receipt for my payment. Please advise.
m0257,"Hello, the price of my plan went up without notice."
m0258,Quick one: could you support single sign-on. Please advise.
m0259,"Support, search returns the same row twice."
m0260,"Good morning, the app crashes when I open a report. No rush."
m0261,the dashboard does not load on mobile.
m0262,"Hello, how do I delete my account. This is urgent."
m0263,Quick one: please add an export to spreadsheet.
m0264,"Hi team, I need to change the email on my profile, since my last invoice."
m0265,"Support, a way to share a report by link would help. Regards, a customer."
m0266,"Hello, the export page shows error 500. Please advise."
m0267,"Support, the price of my plan went up without notice. Thanks."
m0268,"Support, the export page shows error 500, right after the payment page. No rush."
m0269,"Quick one: my login is locked after three tries, nothing crashes. Thanks."
m0270,"Support, please add an export to spreadsheet, right after the payment page. No rush."
m0271,"Support, I wish there was a weekly summary email. No rush."
m0272,please add an export to spreadsheet. Thanks.
m0273,"Good morning, I was charged twice this month, it is not an error on your side. Thanks."
m0274,"Hello, can you add keyboard shortcuts. Thanks."
m0275,"Good morning, search returns the same row twice. No rush."
m0276,could you support single sign-on. Please advise.
m0277,"search returns the same row twice. Regards, a customer."
m0278,"Support, I need to change the email on my profile, as you added last month. Please advise."
m0279,"the invoice shows the wrong amount, as you added last month. No rush."
m0280,"Hi team, my card was declined at renewal. This is urgent."
m0281,"Hi team, the invoice shows the wrong amount, as you added last month."
m0282,"Hi team, I wish there was a weekly summary email. This is urgent."
m0283,"Hi team, where is the receipt for my payment, as you added last month. Regards, a customer."
m0284,"Hello, please reset my password, it is not an error on your side. This is urgent."
m0285,Quick one: the screen freezes while saving. Thanks.
m0286,could you support single sign-on. This is urgent.
m0287,Quick one: it would be great to have dark mode.
m0288,"Support, where is the receipt for my payment. This is urgent."
m0289,"Hi team, where is the receipt for my payment. This is urgent."
m0290,"Support, it would be great to have dark mode. This is urgent."
m0291,"Quick one: my card was declined at renewal, as you added last month. Regards, a customer."
m0292,"Hi team, I need to change the email on my profile. This is urgent."
m0293,"Hi team, the export page shows error 500. Thanks."
m0294,"Support, could you support single sign-on, nothing crashes. Please advise."
m0295,"Quick one: my card was declined at renewal, no bug as far as I can tell."
m0296,Quick one: the export page shows error 500.
m0297,"Hello, the price of my plan went up without notice. Regards, a customer."
m0298,please reset my password.
m0299,"Support, a way to share a report by link would help. Regards, a customer."
m0300,"Support, a way to share a report by link would help, it is not an error on your side. Please advise."
m0301,"Hi team, I need to change the email on my profile. This is urgent."
m0302,"Good morning, the dashboard does not load on mobile, right after the payment page. Regards, a customer."
m0303,"Hello, I need to change the email on my profile. This is urgent."
m0304,"Support, it would be great to have dark mode. No rush."
m0305,"a way to share a report by link would help, once my password was accepted. Thanks."
m0306,"Quick one: the chart shows a wrong total, right after the payment page. Please advise."
m0307,Quick one: search returns the same row twice. Please advise.
m0308,"Hi team, I need to change the email on my profile."
m0309,"Support, it would be great to have dark mode."
m0310,"Support, search returns the same row twice. Please advise."
m0311,Quick one: please reset my password. Please advise.
m0312,"Good morning, how do I delete my account. Please advise."
m0313,"Good morning, I cannot log in since this morning. Regards, a customer."
m0314,"the screen freezes while saving, after I logged in. Thanks."
m0315,"Hi team, where is the receipt for my payment. Thanks."
m0316,Quick one: where is the receipt for my payment. Thanks.
m0317,"Quick one: it would be great to have dark mode, nothing crashes. Regards, a customer."
m0318,"Good morning, can you add keyboard shortcuts."
m0319,"the dashboard does not load on mobile. Regards, a customer."
m0320,"Good morning, the screen freezes while saving, right after the payment page. Regards, a customer."
m0321,"Hi team, the two-factor code never arrives. No rush."
m0322,"Support, how do I delete my account. Please advise."
m0323,"Hello, search returns the same row twice. No rush."
m0324,"Support, I was charged twice this month. Please advise."
m0325,Quick one: my login is locked after three tries.
m0326,"search returns the same row twice, after I logged in. No rush."
m0327,"please reset my password, unlike the option you added. Thanks."
m0328,"Good morning, please reset my password."
m0329,"Hello, please add an export to spreadsheet. Please advise."
m0330,"Hello, my card was declined at renewal. This is urgent."
m0331,"Hi team, it would be great to have dark mode."
m0332,"Support, my login is locked after three tries. No rush."
m0333,"my card was declined at renewal. Regards, a customer."
m0334,"Hi team, the price of my plan went up without notice."
m0335,"Hello, please add an export to spreadsheet. No rush."
m0336,"Quick one: can you add keyboard shortcuts. Regards, a customer."
m0337,"Hello, please add an export to spreadsheet."
m0338,"Good morning, the two-factor code never arrives, as you added last month. No rush."
m0339,"where is the receipt for my payment, from my account page."
m0340,where is the receipt for my payment. No rush.
m0341,"Good morning, please add an export to spreadsheet, after I logged in."
m0342,"Hi team, the two-factor code never arrives. Please advise."
m0343,Quick one: the chart shows a wrong total. Thanks.
m0344,Quick one: the two-factor code never arrives. No rush.
m0345,"Good morning, the export page shows error 500. Please advise."
m0346,"Hello, my login is locked after three tries. Thanks."
m0347,"Hi team, please add an export to spreadsheet. Thanks."
m0348,"the export page shows error 500, right after the payment page. Please advise."
m0349,"Hi team, the two-factor code never arrives. Please advise."
m0350,Quick one: the export page shows error 500.
m0351,"Hi team, the two-factor code never arrives. Please advise."
m0352,the two-factor code never arrives. This is urgent.
m0353,the dashboard does not load on mobile. Thanks.
m0354,"Quick one: the export page shows error 500, right after the payment page."
m0355,"Good morning, search returns the same row twice, like the new feature does. Please advise."
m0356,"Good morning, I wish there was a weekly summary email, since my last invoice. Regards, a customer."
m0357,"Hi team, can you add keyboard shortcuts. No rush."
m0358,"Hello, could you support single sign-on. No rush."
m0359,"Quick one: I would like a refund for the last payment, as you added last month."
m0360,"Hi team, the two-factor code never arrives. Regards, a customer."
m0361,"Support, it would be great to have dark mode."
m0362,Quick one: the invoice shows the wrong amount. No rush.
m0363,"Good morning, the screen freezes while saving. No rush."
m0364,"Hello, the chart shows a wrong total. Please advise."
m0365,Quick one: how do I delete my account. Thanks.
m0366,"Support, I was charged twice this month, it is not an error on your side. Please advise."
m0367,"Hi team, the two-factor code never arrives. No rush."
m0368,"Support, my card was declined at renewal, no bug as far as I can tell. Please advise."
m0369,"Quick one: my card was declined at renewal, it is not an error on your side. Please advise."
m0370,"it would be great to have dark mode. Regards, a customer."
m0371,"Hi team, I cannot log in since this morning, on the paid plan. This is urgent."
m0372,"Hello, I cannot log in since this morning. Thanks."
m0373,"Support, I cannot log in since this morning. This is urgent."
m0374,"Support, how do I delete my account, as you added last month. No rush."
m0375,"Hello, the dashboard does not load on mobile. This is urgent."
m0376,"Hi team, the dashboard does not load on mobile. Please advise."
m0377,"Good morning, could you support single sign-on, once my password was accepted."
m0378,"Support, can you add keyboard shortcuts."
m0379,"Hi team, where is the receipt for my payment, it is not an error on your side. Thanks."
m0380,"Hello, I would like a refund for the last payment."
m0381,"Hello, it would be great to have dark mode. Please advise."
m0382,"Good morning, I cannot log in since this morning. Regards, a customer."
m0383,"Hello, the price of my plan went up without notice. No rush."
m0384,"Quick one: I wish there was a weekly summary email, nothing crashes. Please advise."
m0385,Quick one: where is the receipt for my payment.
m0386,"Hello, I cannot log in since this morning. Regards, a customer."
m0387,"Support, my login is locked after three tries, no bug as far as I can tell. This is urgent."
m0388,"Hi team, the price of my plan went up without notice, once my password was accepted. Regards, a customer."
m0389,"Hello, I was charged twice this month. Thanks."
m0390,"Good morning, please add an export to spreadsheet."
m0391,"Support, my card was declined at renewal. Please advise."
m0392,"Support, I was charged twice this month. Thanks."
m0393,my card was declined at renewal. This is urgent.
m0394,"Support, the dashboard does not load on mobile. Thanks."
m0395,the export page shows error 500. This is urgent.
m0396,"Quick one: I need to change the email on my profile, right after the payment page. Thanks."
m0397,"Good morning, the app crashes when I open a report, on the paid plan. Please advise."
m0398,I was charged twice this month. Thanks.
m0399,"please add an export to spreadsheet, since my last invoice. Regards, a customer."
m0400,"Hi team, I would like a refund for the last payment."
