id,label
m0001,billing
m0002,billing
m0003,billing
m0004,billing
m0005,billing
m0006,billing
m0007,billing
m0008,billing
m0009,billing
m0010,billing
m0011,billing
m0012,billing
m0013,billing
m0014,billing
m0015,billing
m0016,account
m0017,billing
m0018,billing
m0019,bug
m0020,billing
m0021,billing
m0022,billing
m0023,billing
m0024,billing
m0025,billing
m0026,billing
m0027,billing
m0028,billing
m0029,billing
m0030,billing
m0031,billing
m0032,billing
m0033,billing
m0034,billing
m0035,billing
m0036,billing
m0037,billing
m0038,billing
m0039,billing
m0040,billing
m0041,billing
m0042,billing
m0043,billing
m0044,billing
m0045,billing
m0046,billing
m0047,billing
m0048,billing
m0049,billing
m0050,billing
m0051,billing
m0052,billing
m0053,billing
m0054,billing
m0055,billing
m0056,billing
m0057,billing
m0058,billing
m0059,billing
m0060,billing
m0061,billing
m0062,billing
m0063,billing
m0064,billing
m0065,billing
m0066,billing
m0067,billing
m0068,billing
m0069,billing
m0070,billing
m0071,billing
m0072,billing
m0073,billing
m0074,account
m0075,billing
m0076,billing
m0077,billing
m0078,billing
m0079,billing
m0080,billing
m0081,billing
m0082,billing
m0083,billing
m0084,billing
m0085,billing
m0086,billing
m0087,billing
m0088,billing
m0089,billing
m0090,billing
m0091,account
m0092,billing
m0093,billing
m0094,billing
m0095,billing
m0096,billing
m0097,feature
m0098,billing
m0099,billing
m0100,billing
m0101,billing
m0102,billing
m0103,billing
m0104,billing
m0105,billing
m0106,billing
m0107,billing
m0108,billing
m0109,billing
m0110,billing
m0111,billing
m0112,billing
m0113,billing
m0114,billing
m0115,billing
m0116,billing
m0117,billing
m0118,billing
m0119,billing
m0120,billing
m0121,billing
m0122,billing
m0123,billing
m0124,billing
m0125,billing
m0126,billing
m0127,billing
m0128,billing
m0129,billing
m0130,billing
m0131,billing
m0132,billing
m0133,billing
m0134,billing
m0135,billing
m0136,billing
m0137,billing
m0138,billing
m0139,billing
m0140,billing
m0141,billing
m0142,billing
m0143,billing
m0144,billing
m0145,billing
m0146,billing
m0147,billing
m0148,billing
m0149,billing
m0150,billing
m0151,billing
m0152,billing
m0153,billing
m0154,billing
m0155,billing
m0156,billing
m0157,feature
m0158,billing
m0159,billing
m0160,billing
m0161,billing
m0162,billing
m0163,billing
m0164,billing
m0165,billing
m0166,billing
m0167,billing
m0168,billing
m0169,billing
m0170,billing
m0171,billing
m0172,billing
m0173,billing
m0174,billing
m0175,billing
m0176,billing
m0177,account
m0178,billing
m0179,billing
m0180,billing
m0181,billing
m0182,billing
m0183,billing
m0184,billing
m0185,billing
m0186,billing
m0187,billing
m0188,billing
m0189,billing
m0190,billing
m0191,billing
m0192,billing
m0193,billing
m0194,billing
m0195,feature
m0196,billing
m0197,billing
m0198,billing
m0199,feature
m0200,billing
m0201,account
m0202,billing
m0203,billing
m0204,billing
m0205,billing
m0206,billing
m0207,billing
m0208,billing
m0209,billing
m0210,billing
m0211,billing
m0212,billing
m0213,billing
m0214,billing
m0215,billing
m0216,billing
m0217,feature
m0218,billing
m0219,billing
m0220,billing
m0221,billing
m0222,billing
m0223,billing
m0224,billing
m0225,billing
m0226,billing
m0227,billing
m0228,billing
m0229,billing
m0230,billing
m0231,billing
m0232,billing
m0233,billing
m0234,billing
m0235,billing
m0236,billing
m0237,billing
m0238,billing
m0239,billing
m0240,billing
m0241,billing
m0242,billing
m0243,billing
m0244,billing
m0245,account
m0246,billing
m0247,billing
m0248,billing
m0249,billing
m0250,billing
m0251,feature
m0252,billing
m0253,billing
m0254,billing
m0255,billing
m0256,billing
m0257,billing
m0258,feature
m0259,billing
m0260,billing
m0261,billing
m0262,account
m0263,billing
m0264,billing
m0265,billing
m0266,billing
m0267,billing
m0268,billing
m0269,billing
m0270,billing
m0271,billing
m0272,billing
m0273,billing
m0274,billing
m0275,billing
m0276,feature
m0277,billing
m0278,billing
m0279,billing
m0280,billing
m0281,billing
m0282,billing
m0283,billing
m0284,billing
m0285,billing
m0286,billing
m0287,billing
m0288,billing
m0289,billing
m0290,billing
m0291,billing
m0292,billing
m0293,billing
m0294,feature
m0295,billing
m0296,billing
m0297,billing
m0298,billing
m0299,billing
m0300,billing
m0301,billing
m0302,billing
m0303,account
m0304,billing
m0305,billing
m0306,billing
m0307,billing
m0308,billing
m0309,billing
m0310,billing
m0311,billing
m0312,billing
m0313,billing
m0314,billing
m0315,billing
m0316,billing
m0317,billing
m0318,billing
m0319,billing
m0320,bug
m0321,billing
m0322,billing
m0323,billing
m0324,billing
m0325,billing
m0326,billing
m0327,billing
m0328,billing
m0329,billing
m0330,billing
m0331,billing
m0332,billing
m0333,billing
m0334,billing
m0335,billing
m0336,billing
m0337,billing
m0338,billing
m0339,billing
m0340,billing
m0341,billing
m0342,billing
m0343,billing
m0344,account
m0345,billing
m0346,billing
m0347,billing
m0348,billing
m0349,billing
m0350,bug
m0351,account
m0352,billing
m0353,billing
m0354,billing
m0355,billing
m0356,billing
m0357,billing
m0358,billing
m0359,billing
m0360,billing
m0361,feature
m0362,billing
m0363,billing
m0364,bug
m0365,billing
m0366,billing
m0367,billing
m0368,billing
m0369,billing
m0370,billing
m0371,account
m0372,billing
m0373,billing
m0374,billing
m0375,billing
m0376,billing
m0377,billing
m0378,feature
m0379,billing
m0380,billing
m0381,billing
m0382,billing
m0383,billing
m0384,billing
m0385,billing
m0386,billing
m0387,billing
m0388,billing
m0389,billing
m0390,billing
m0391,billing
m0392,billing
m0393,billing
m0394,billing
m0395,billing
m0396,account
m0397,billing
m0398,billing
m0399,feature
m0400,billing
