amount,hour,country_match,prior_chargebacks,account_age_days,new_device,held
69.75,15,1,0,147,1,1
21.6,3,1,0,528,0,0
124.81,7,1,0,11,1,1
197.2,11,1,0,343,0,0
235.61,6,1,0,157,1,1
46.6,3,1,0,238,0,0
137.08,2,1,0,412,0,0
113.79,8,1,0,1071,1,1
47.15,23,1,0,91,0,0
817.85,12,1,0,17,1,1
5.1,7,1,0,118,0,0
67.81,15,1,0,4,0,0
173.96,2,1,0,376,0,0
184.69,7,1,1,547,1,1
4.48,0,1,0,556,0,0
215.76,23,1,0,589,0,0
106.17,12,1,2,55,0,1
69.64,1,1,0,237,0,0
102.26,4,0,0,36,0,1
188.15,2,1,0,1343,0,1
34.78,22,1,0,47,0,0
61.71,9,1,0,828,0,0
275.71,5,0,0,1849,1,0
487.42,0,1,0,114,0,0
199.14,8,1,0,126,0,1
67.69,5,1,0,560,1,1
22.9,5,1,0,1135,1,0
41.45,11,0,0,814,0,0
233.36,15,1,0,579,0,0
54.03,7,1,0,1079,1,1
133.35,8,1,0,275,0,0
133.78,19,0,0,145,0,1
61.81,21,1,0,118,0,0
571.94,11,1,0,1186,1,1
23.29,20,1,0,118,0,0
33.06,9,1,0,179,1,0
19.11,0,1,0,149,0,0
53.3,6,1,0,653,0,0
92.39,2,1,0,159,0,0
156.77,12,0,0,382,1,1
50.27,23,1,0,671,1,0
76.21,4,1,0,40,0,0
170.79,5,1,0,81,0,0
141.46,22,1,0,527,0,0
139.41,14,1,1,66,0,1
337.36,18,0,0,940,1,1
479.44,9,1,0,504,0,0
38.93,15,1,0,297,0,0
39.43,17,1,0,659,0,0
216.6,3,1,0,263,0,0
180.82,12,1,0,143,0,0
170.11,9,1,0,840,1,1
51.08,10,1,1,189,0,1
32.95,4,0,0,79,0,0
132.65,18,0,1,102,0,1
31.81,16,0,0,713,1,0
47.07,23,1,0,448,1,0
168.16,2,1,1,21,0,1
119.05,13,0,0,460,0,0
220.23,20,0,0,158,0,1
23.08,4,1,0,122,0,0
59.66,6,1,0,961,0,0
172.87,1,1,1,154,0,1
74.48,6,1,0,7,0,0
489.27,14,1,0,893,0,0
59.25,6,1,1,101,1,1
13.96,5,1,0,637,1,0
180.58,1,1,0,1133,0,0
107.22,9,1,0,417,0,0
50.13,16,0,0,709,1,0
227.05,18,0,0,2214,0,1
140.77,12,1,0,71,0,0
28.47,8,1,0,131,0,1
307.16,15,1,0,118,0,0
27.57,2,1,0,466,0,0
116.78,10,0,1,48,0,1
628.1,0,1,0,38,1,1
295.09,14,1,0,319,0,0
30.64,14,1,0,290,0,0
47.23,2,1,0,142,0,0
140.67,3,0,0,613,0,1
56.61,14,1,0,128,0,0
93.8,8,1,0,74,0,0
62.93,3,1,0,367,1,1
85.8,23,1,0,230,1,0
360.82,3,1,0,139,0,0
375.01,19,1,0,198,0,0
400.12,21,1,4,553,0,1
130.94,15,0,1,16,0,1
78.23,10,1,1,116,0,1
253.59,10,1,0,195,0,0
4.8,7,1,0,20,1,0
101.55,3,1,0,435,1,1
81.53,8,1,0,449,0,0
14.97,15,1,0,204,0,0
7.44,4,1,0,570,1,0
28.14,23,0,1,709,0,1
150.89,0,1,0,285,0,0
99.92,8,1,0,91,1,1
134.11,9,0,0,398,1,1
245.49,7,1,0,560,0,0
88.08,12,1,0,237,0,0
103.29,22,1,1,114,0,1
74.86,15,1,0,3,0,0
107.2,21,1,0,442,0,0
51.66,18,1,0,704,0,0
88.95,13,0,0,356,1,0
133.04,11,1,1,903,0,1
500.46,9,1,0,3,1,0
16.35,21,1,0,674,0,0
41.36,7,1,0,219,1,1
113.54,22,0,0,182,0,1
234.5,4,1,0,213,0,0
31.37,12,1,0,385,1,1
88.8,4,1,0,113,0,0
58.86,9,0,0,7,0,0
11.89,6,1,0,311,1,0
165.74,5,1,0,71,1,1
62.79,5,1,0,148,0,0
53.43,2,1,0,17,1,1
231.92,12,1,0,606,0,0
13.41,19,1,0,144,1,0
148.15,20,1,0,483,0,0
252.03,10,1,0,65,0,0
101.35,4,1,1,36,0,1
173.66,19,1,1,115,0,1
211.82,14,1,0,21,1,1
121.18,21,1,1,76,0,1
34.97,4,1,0,188,0,0
18.44,18,0,0,521,0,0
61.02,8,1,0,398,0,0
46.04,19,1,0,394,0,0
68.11,13,1,0,2480,1,0
429.93,11,0,0,266,1,1
42.4,8,1,0,113,0,0
254.98,20,1,1,248,0,1
97.58,8,1,1,273,0,1
133.16,0,1,0,243,0,0
54.22,6,1,0,20,0,0
313.3,1,1,0,665,0,0
52.47,13,1,0,226,0,0
13.59,0,1,0,1610,1,0
23.05,8,1,0,467,0,0
289.58,15,1,0,322,0,0
16.97,22,0,0,23,0,1
82.35,16,1,0,252,0,0
58.63,22,1,0,79,0,0
2298.04,3,1,0,127,1,1
936.75,21,1,0,67,0,0
18.32,4,1,0,25,0,0
135.49,21,1,0,211,0,0
38.68,3,1,0,253,0,0
25.28,12,1,0,590,1,0
20.11,5,1,0,220,1,0
84.1,3,1,0,401,1,1
93.98,3,0,0,206,0,0
1758.81,17,0,0,15,0,1
42.52,6,1,0,459,0,0
23.94,16,1,0,676,0,0
31.38,20,1,0,16,0,0
70.54,16,1,0,959,0,0
912.05,18,1,0,333,1,1
19.9,10,1,0,155,0,0
506.62,22,1,0,344,0,0
239.69,1,1,0,35,0,1
125.53,11,1,2,34,1,1
148.51,12,1,0,240,1,0
72.49,15,1,0,142,0,0
440.0,23,1,0,8,1,1
174.15,10,1,0,262,1,0
985.18,5,1,1,79,1,1
41.35,1,1,0,1545,1,1
232.77,9,1,0,36,1,1
55.64,21,1,0,852,0,0
81.76,13,1,1,322,0,0
693.7,0,1,0,193,1,1
185.54,0,1,0,271,1,1
728.67,21,1,1,117,1,1
329.66,0,1,0,180,0,0
227.26,2,1,0,380,0,0
1902.51,6,1,0,510,0,1
548.02,23,0,0,39,0,1
33.6,6,1,0,680,0,0
103.46,17,1,0,588,0,0
619.09,3,1,0,329,0,0
9.42,21,0,0,777,1,0
120.63,19,1,0,211,1,0
74.56,8,1,0,295,0,0
312.08,22,1,0,418,0,0
291.78,10,1,0,80,0,0
45.4,13,1,0,526,0,0
382.47,20,1,0,133,0,0
319.45,11,1,0,1220,0,0
9.8,22,1,1,141,1,1
88.52,1,0,0,457,0,0
110.28,7,1,0,844,0,0
72.55,13,1,0,6,1,0
204.9,8,1,0,262,0,0
191.53,10,0,0,457,0,1
55.34,15,1,0,80,0,0
398.32,18,1,1,75,1,1
419.46,4,1,1,110,1,1
31.3,10,1,1,47,1,1
43.26,15,1,0,571,1,0
113.27,16,1,0,41,1,0
130.55,17,1,0,388,1,0
840.98,22,0,0,52,0,1
147.72,23,1,0,1271,1,0
76.32,11,0,0,295,0,0
163.52,0,0,0,68,0,1
8.95,17,1,0,239,0,0
47.25,19,0,0,80,0,0
668.51,6,1,0,95,0,0
459.39,4,1,0,196,1,1
27.23,21,1,0,7,1,0
240.04,9,1,0,83,0,0
114.71,0,1,0,13,1,1
64.74,4,1,0,60,0,0
230.3,22,0,0,243,0,1
188.28,3,1,0,92,0,0
93.72,15,1,0,2,0,0
109.48,23,1,1,70,0,1
165.58,14,1,0,501,0,0
6.39,23,1,0,619,1,0
50.15,7,1,0,143,0,0
134.22,20,1,0,1017,0,1
63.4,18,1,0,241,0,0
20.9,22,1,0,359,0,0
75.86,1,1,0,5,0,0
140.11,12,1,0,311,0,0
86.83,9,0,0,921,0,0
175.8,15,1,0,60,1,0
74.03,9,1,0,521,0,0
282.34,3,0,0,40,0,1
265.03,9,0,2,53,1,1
23.21,15,1,0,1173,0,0
22.34,15,1,0,82,0,0
95.65,11,1,0,5,1,1
32.2,9,1,0,901,1,0
146.37,1,0,0,508,0,1
18.03,19,1,0,365,0,0
50.31,6,1,0,57,0,0
39.1,4,1,0,19,0,0
291.02,12,1,0,705,0,0
62.63,5,1,0,65,1,1
14.51,10,0,0,96,0,0
339.54,18,1,0,515,0,0
48.77,13,1,0,200,0,1
42.1,3,1,0,451,1,1
84.64,4,1,0,924,0,0
54.15,9,0,0,475,1,1
13.05,19,1,0,260,1,0
76.66,4,1,0,1490,1,1
295.28,17,0,0,454,1,1
83.74,7,1,0,179,0,0
23.51,5,1,0,1517,0,0
152.57,17,0,0,783,0,1
24.14,18,1,0,170,0,0
38.22,13,1,0,236,0,0
132.66,21,1,0,258,1,0
329.2,22,1,0,105,0,0
33.0,15,0,0,661,1,0
17.15,21,1,0,227,0,0
85.54,12,1,0,944,1,0
35.07,6,1,0,90,1,0
30.75,10,1,0,67,0,0
286.19,17,1,0,17,0,1
308.67,5,1,0,184,0,0
284.93,15,1,0,131,0,0
67.04,0,1,0,96,0,0
13.12,3,1,2,14,0,1
157.75,21,0,0,298,1,1
27.18,18,1,0,707,0,0
90.79,3,1,0,18,1,1
266.34,23,1,0,83,1,0
32.7,16,1,1,227,0,1
94.34,17,1,1,146,0,1
70.47,4,1,0,1222,0,0
39.24,18,1,0,408,0,0
186.93,16,1,0,409,1,0
204.53,17,1,0,93,0,0
198.63,20,1,0,409,0,0
83.59,3,1,0,354,1,1
95.82,18,1,0,40,0,0
430.47,6,1,0,74,0,0
84.82,1,1,0,418,0,0
50.45,6,1,0,148,1,1
213.65,9,1,0,978,1,1
308.21,20,1,0,41,1,1
42.45,1,0,0,270,1,1
134.21,11,1,0,314,0,0
47.44,1,1,0,158,0,0
251.12,19,0,0,85,1,1
7.59,7,1,0,263,1,1
140.41,5,1,0,320,0,0
29.64,5,1,1,500,0,1
290.54,2,1,0,83,1,1
6.95,10,1,0,303,0,0
30.15,0,0,0,40,0,0
586.46,0,1,1,369,0,1
13.09,4,1,0,385,1,0
57.3,2,1,0,281,0,0
21.31,20,1,0,526,0,0
166.02,10,1,0,65,1,1
96.22,7,1,1,21,0,1
55.42,7,1,0,130,0,0
67.67,9,1,0,79,1,1
37.18,11,1,0,314,0,1
235.46,16,1,0,147,0,0
180.3,15,1,0,354,0,0
106.7,14,1,0,242,0,0
86.32,11,0,0,293,1,1
583.21,3,1,0,42,1,1
103.2,22,1,0,425,0,0
42.47,11,1,0,288,0,0
132.17,1,0,0,81,0,0
150.18,10,1,0,150,0,1
26.79,22,0,0,308,1,0
88.92,22,1,0,110,0,1
323.71,1,1,0,327,0,0
10.03,10,1,0,44,1,0
107.87,2,0,0,119,1,1
70.15,4,1,0,74,0,0
12.35,16,1,0,298,0,0
81.73,8,1,0,264,0,0
35.11,18,1,0,289,1,0
32.19,15,1,0,138,1,0
20.5,8,1,0,78,0,0
347.37,1,1,0,321,0,0
124.34,3,0,0,782,1,1
31.4,7,0,0,810,1,0
162.63,22,1,0,85,0,0
52.2,1,0,0,106,0,0
83.25,1,1,0,89,0,0
137.99,20,1,0,417,0,0
473.24,8,1,0,104,0,0
104.03,12,1,0,44,1,0
33.65,12,1,0,755,0,0
138.75,7,1,0,59,0,0
498.01,15,0,0,207,0,1
77.24,14,0,0,50,1,0
108.82,4,1,0,167,0,0
39.37,18,1,0,307,0,0
55.5,5,1,0,381,0,0
195.57,11,1,0,182,0,0
37.02,2,0,0,86,0,0
106.07,16,1,0,446,0,0
190.53,22,1,1,190,0,1
710.73,23,1,0,2,1,1
993.1,11,1,0,41,1,1
36.88,2,1,0,445,0,0
92.51,9,1,1,758,0,1
37.4,7,1,0,1154,0,0
24.78,15,0,0,66,0,0
56.45,18,1,0,164,1,0
125.99,7,1,0,121,0,0
43.17,9,1,0,587,1,1
280.78,11,1,0,1095,0,0
529.85,6,1,0,451,0,0
134.56,6,1,0,540,1,1
1806.32,16,1,0,625,0,1
52.67,2,1,0,81,0,0
50.51,7,0,0,297,0,0
62.02,18,1,0,176,0,0
114.06,16,1,1,19,0,1
60.38,0,1,0,569,1,1
229.08,9,1,0,144,1,1
40.12,6,1,0,243,1,1
394.58,12,1,0,159,0,0
382.78,2,1,0,41,1,1
174.13,3,1,0,286,0,0
62.63,6,0,0,59,1,1
508.41,16,1,0,149,0,0
155.99,0,1,0,418,0,0
115.24,20,1,0,693,0,0
125.22,22,1,0,220,0,0
34.39,17,1,0,187,0,0
32.29,20,1,0,921,1,1
74.61,18,1,0,92,0,0
218.52,3,0,0,200,0,1
705.66,15,1,0,67,1,1
690.43,16,1,0,366,1,0
177.37,2,0,0,344,1,1
159.16,0,1,0,120,0,0
185.8,4,1,0,388,0,0
128.05,14,1,0,19,0,1
68.13,10,1,1,20,1,1
909.82,19,1,0,263,0,1
22.62,7,1,0,68,0,0
31.78,11,1,0,27,0,0
622.83,21,1,0,91,1,0
180.15,15,1,0,273,1,0
233.52,2,1,0,462,1,1
20.48,12,1,0,637,1,0
158.59,0,0,0,74,0,1
44.78,6,1,0,129,0,0
60.48,17,1,0,85,0,0
65.89,18,1,0,37,0,0
54.19,1,0,0,307,0,0
363.87,1,1,0,109,0,0
80.55,2,1,0,110,1,1
62.38,17,1,0,723,1,0
146.93,16,1,0,213,0,0
74.17,17,1,0,36,0,0
93.71,15,1,0,18,1,0
116.2,20,1,0,315,1,0
212.27,17,1,0,26,0,1
46.49,21,1,0,255,1,1
169.6,14,1,0,330,0,0
362.07,19,1,0,279,0,1
53.03,8,1,0,9,0,0
181.75,11,1,0,598,0,0
51.21,15,1,0,359,1,0
338.06,5,0,1,699,0,1
737.87,14,1,0,90,0,1
81.86,10,1,0,4,1,1
191.43,16,1,0,45,0,1
277.52,17,0,0,490,0,1
96.33,0,1,0,331,0,0
134.82,5,0,0,72,0,1
44.47,19,0,0,4,0,0
202.84,16,1,0,269,1,0
911.23,2,1,0,117,0,1
11.84,23,1,0,339,0,0
204.23,19,1,0,254,1,0
722.01,12,1,0,98,1,1
27.75,1,1,0,702,0,0
243.82,3,1,0,323,0,0
249.31,1,1,0,85,1,1
92.1,0,1,0,13,1,1
326.71,10,0,0,71,0,1
119.12,18,1,0,39,0,0
482.29,0,1,1,95,0,1
74.72,17,1,0,23,1,0
136.5,21,1,0,245,1,1
68.44,2,1,0,518,1,1
250.29,21,1,0,11,0,1
664.83,1,1,0,67,0,0
63.32,16,1,0,118,1,0
24.4,21,1,0,255,1,0
1704.18,20,1,0,275,0,1
86.07,9,1,1,94,0,1
49.91,17,1,0,745,0,0
114.62,7,0,1,561,0,1
134.84,2,1,1,594,0,1
117.19,15,0,1,251,1,1
252.16,19,0,0,791,1,1
21.04,21,1,0,361,1,0
100.26,20,0,0,23,0,1
255.38,17,1,0,424,1,0
125.06,9,1,0,509,1,1
10.5,8,1,0,158,0,0
63.27,15,0,0,154,0,1
111.16,9,1,0,580,0,1
42.25,6,1,1,598,0,1
74.09,1,1,0,175,0,0
109.75,1,1,0,334,0,0
431.24,22,1,0,26,0,1
836.01,6,1,0,313,1,1
615.01,0,1,0,243,1,1
23.01,14,0,0,591,1,0
554.53,12,1,0,191,0,0
138.64,21,1,0,20,1,1
164.97,5,1,0,173,0,0
89.74,19,1,1,346,0,1
55.85,9,0,0,47,0,0
8.06,4,1,0,112,0,0
194.17,8,1,0,814,1,1
206.13,5,1,0,713,0,0
394.12,18,1,0,304,1,0
74.91,23,1,1,527,0,1
368.81,8,0,0,449,1,1
39.33,12,1,0,984,0,0
95.16,9,1,0,48,0,0
244.5,17,1,0,279,0,0
339.95,6,1,0,12,0,1
131.09,3,1,0,623,0,0
63.02,2,1,0,471,0,0
53.54,18,0,0,173,0,0
12.98,17,0,0,77,0,0
87.43,16,1,0,312,0,0
137.68,4,1,0,457,0,0
60.9,4,1,0,132,0,0
54.52,10,1,0,570,0,0
318.26,20,1,0,100,0,0
34.05,7,1,0,169,0,0
165.26,19,1,2,433,0,1
28.93,2,1,1,650,0,1
49.58,5,1,0,316,0,0
50.84,19,1,0,1012,1,0
87.25,10,1,0,109,0,0
437.74,17,1,0,389,0,0
143.64,23,1,0,75,0,0
137.86,5,1,1,319,0,1
25.45,6,1,0,257,0,0
119.93,7,1,0,536,0,0
7.39,18,1,0,112,0,0
281.28,16,1,0,677,0,0
25.68,15,1,0,104,0,0
1091.83,4,1,0,107,0,1
70.51,16,1,0,134,0,0
180.81,13,1,0,30,0,1
1449.72,13,1,0,1375,0,1
129.41,21,1,0,272,0,0
34.87,11,1,0,122,0,0
242.03,10,1,0,14,0,1
30.84,22,1,1,179,0,1
309.83,23,0,0,10,0,1
29.6,20,1,1,51,0,1
194.0,11,0,0,157,0,1
140.46,0,1,0,131,1,1
175.11,18,1,1,651,1,1
870.38,11,0,0,162,0,1
606.83,17,0,0,157,1,1
490.79,17,1,0,123,0,0
337.36,6,1,1,33,0,1
173.71,16,1,0,58,0,1
117.24,11,1,0,97,0,0
204.05,23,1,0,459,0,0
362.44,8,0,0,259,1,1
239.42,0,1,0,298,0,0
70.46,14,0,0,248,0,0
42.51,18,1,0,276,0,0
35.27,6,1,0,67,0,0
50.43,1,1,0,67,1,1
158.32,9,1,0,284,0,0
902.28,7,1,0,182,1,1
88.09,15,0,0,500,1,0
45.28,7,1,1,490,1,1
51.95,18,1,0,104,0,0
181.07,3,1,0,604,0,0
393.34,2,1,1,229,0,1
2.36,7,1,0,54,0,0
174.11,20,1,0,53,0,1
138.56,18,1,0,1925,0,0
95.61,2,1,0,47,0,0
243.97,20,1,0,519,0,0
71.66,4,1,1,539,0,1
86.4,12,1,1,129,1,1
9.87,14,1,0,184,0,0
468.64,19,1,1,655,1,1
431.96,5,1,0,485,1,1
63.3,22,1,0,67,0,0
89.08,5,1,2,899,0,1
571.48,20,0,1,456,1,1
87.11,13,1,0,104,0,1
453.73,20,0,0,104,0,1
31.19,22,1,0,96,1,0
49.96,9,1,0,181,0,0
269.29,16,1,0,215,0,0
74.94,1,0,0,603,0,0
143.11,22,1,0,610,0,0
33.77,19,1,0,40,0,0
37.76,4,0,0,240,1,0
170.62,5,1,0,1466,0,0
44.98,6,1,0,263,0,0
171.0,2,1,0,120,1,1
66.79,18,1,0,211,1,0
115.17,17,1,0,285,0,0
153.22,10,1,0,735,0,0
815.31,23,1,1,47,1,1
136.27,4,0,0,94,0,1
111.92,1,1,0,484,0,0
393.73,14,1,0,214,0,0
73.49,1,1,0,786,0,0
181.0,6,0,0,47,0,1
52.55,7,1,0,107,1,1
47.45,0,1,0,12,0,0
798.74,2,1,0,74,0,1
324.97,23,1,0,939,0,0
86.83,16,1,1,144,1,1
127.13,4,1,0,107,1,1
48.43,23,1,0,142,1,0
114.17,19,1,0,836,1,0
97.62,19,1,0,95,0,0
43.19,19,1,0,145,0,0
16.9,7,1,0,98,1,0
47.76,12,0,1,398,0,1
40.9,7,1,0,143,1,1
94.69,15,1,0,171,1,0
23.72,16,1,1,91,0,1
31.12,16,1,0,38,0,0
162.71,2,1,0,309,1,1
360.62,3,1,0,156,0,0
124.2,15,1,0,27,0,1
21.95,23,1,0,296,1,0
93.82,14,1,0,261,0,0
54.59,5,1,0,668,0,0
860.9,2,1,0,434,0,1
48.71,10,1,0,382,0,0
117.38,21,1,0,789,0,0
52.95,7,1,0,255,1,1
209.02,21,0,0,651,1,1
26.18,19,1,0,91,0,0
84.64,19,1,0,655,1,0
49.87,21,1,0,53,0,0
291.31,14,1,0,473,0,0
41.52,12,1,0,109,1,0
77.52,1,1,0,441,0,0
102.61,4,1,0,133,0,0
533.97,7,1,0,580,0,0
15.9,9,1,0,249,0,0
49.73,21,1,0,341,1,0
279.62,8,1,0,456,1,1
88.5,0,1,0,877,0,0
29.86,2,1,0,397,1,0
18.73,14,1,0,24,0,0
46.91,3,1,0,659,0,0
35.62,8,1,0,52,0,0
181.54,17,0,0,221,0,0
176.9,14,0,0,60,1,1
85.25,20,1,0,453,1,0
88.96,14,1,0,24,0,0
156.73,14,0,0,426,0,1
74.53,21,1,0,451,0,0
27.3,11,1,0,87,0,0
77.25,23,0,0,955,1,0
225.46,4,1,0,363,0,0
154.24,16,1,0,290,0,0
65.42,22,1,0,547,0,0
57.1,20,1,0,949,0,0
64.75,9,1,0,44,0,0
298.81,9,0,0,204,0,1
160.75,8,1,0,478,0,0
153.56,3,0,0,406,1,1
40.65,22,1,0,452,1,0
86.45,22,1,0,1103,1,0
173.47,3,1,1,137,0,0
48.24,4,1,0,63,1,1
39.98,22,1,0,188,0,0
1470.72,4,1,0,544,0,1
54.33,6,0,0,202,0,0
56.83,9,1,0,298,1,1
102.92,8,1,0,213,1,1
60.09,10,1,0,379,1,1
81.87,19,1,0,245,0,0
194.4,17,1,0,646,0,0
120.17,7,0,0,1392,0,1
170.18,3,1,0,86,1,1
239.99,2,1,0,490,0,0
461.43,15,1,0,55,0,1
62.86,6,0,0,975,0,0
98.32,23,1,0,1513,1,0
29.95,15,1,0,188,0,0
20.66,1,1,0,94,0,1
62.72,3,1,0,116,1,1
87.08,1,0,0,88,0,0
212.32,6,1,0,396,0,0
161.43,5,1,0,499,0,0
194.0,19,1,0,74,1,0
99.29,0,1,1,49,0,1
150.45,5,1,0,53,0,1
53.46,16,0,1,578,1,0
902.24,9,1,0,179,0,1
66.17,0,1,0,137,0,0
61.29,19,1,0,323,0,0
105.25,9,1,0,991,0,0
267.36,19,1,1,294,0,1
14.43,14,1,0,54,0,0
95.5,23,1,0,411,0,0
102.12,17,1,1,182,0,1
260.15,23,0,1,111,0,1
111.54,11,1,0,10,1,1
119.33,22,0,0,358,0,1
33.76,20,0,0,384,0,1
988.59,10,0,0,432,1,1
228.14,2,0,0,518,1,1
136.24,20,1,1,40,0,1
98.79,7,1,0,247,1,1
61.08,8,1,0,507,1,1
152.27,10,1,0,170,1,1
42.16,9,1,0,120,0,0
282.18,4,1,1,78,0,1
874.36,17,0,1,714,0,1
21.31,13,1,1,90,0,0
357.63,22,1,0,279,0,0
123.52,9,1,0,152,1,1
90.32,14,1,0,81,0,0
63.18,5,1,0,179,0,0
72.99,3,1,1,156,1,1
70.06,10,1,0,382,1,1
369.42,1,1,0,177,1,0
372.24,4,1,0,211,1,1
36.24,4,1,0,14,0,0
34.64,2,1,1,105,1,1
70.42,21,1,1,587,0,1
114.82,2,1,0,95,0,0
506.43,13,1,0,443,0,0
50.97,10,1,1,101,1,1
93.31,11,0,0,198,0,0
507.55,9,1,0,190,1,0
18.79,13,0,0,213,0,0
197.76,5,1,0,136,1,1
131.82,0,1,0,141,0,0
138.53,6,1,0,56,0,0
74.47,23,1,0,245,1,0
375.84,19,1,0,364,0,0
40.97,21,1,0,7,0,0
24.32,17,1,2,28,0,1
24.76,0,0,0,741,0,0
3157.52,3,1,0,560,0,1
94.41,3,1,0,19,0,0
23.4,11,1,0,511,0,0
249.28,18,1,0,420,0,0
21.54,18,1,0,247,0,0
515.44,13,1,0,60,0,0
116.03,17,0,0,24,1,1
171.77,21,1,0,257,0,0
185.79,16,1,0,302,1,0
78.5,18,1,0,115,0,0
261.03,1,0,0,363,1,1
385.52,7,1,0,629,0,0
119.64,6,1,0,62,1,1
72.83,16,0,0,12,1,0
127.14,15,1,0,147,0,0
11.49,18,1,1,645,0,1
26.62,19,1,0,700,0,0
19.45,6,0,0,578,0,0
27.28,4,1,0,518,1,0
95.05,22,1,0,205,0,0
28.53,14,1,0,14,0,0
676.14,17,1,0,472,0,0
30.18,17,1,0,505,0,0
44.36,5,1,0,489,0,0
92.08,6,1,0,24,1,1
71.68,6,1,0,282,0,0
273.46,23,1,1,190,0,1
81.48,13,1,1,76,1,1
80.97,7,1,0,198,1,1
119.97,15,0,0,548,0,1
59.42,21,1,0,295,0,0
36.45,13,1,0,338,0,0
220.09,4,0,0,116,0,1
137.01,22,0,0,738,0,1
23.56,16,1,0,6,1,1
38.13,15,1,0,793,0,0
17.19,4,1,0,156,1,0
67.08,11,1,0,72,0,0
175.62,20,0,0,153,1,1
283.39,20,1,0,35,0,1
424.8,20,1,0,105,0,0
14.25,3,1,0,15,1,1
37.28,21,1,0,206,0,0
134.84,0,1,0,74,1,1
105.3,19,1,0,1065,0,0
346.55,7,0,0,151,1,1
1017.3,16,1,0,279,1,1
25.2,2,0,0,129,0,0
38.2,2,1,0,106,1,0
48.35,8,1,0,1,0,0
36.9,3,1,0,180,0,0
118.69,15,1,0,94,0,0
436.44,22,1,0,126,1,0
73.61,10,1,0,156,0,0
161.16,22,1,0,606,0,0
212.23,8,1,0,353,0,0
25.81,5,1,0,1001,1,0
19.97,19,1,0,75,0,0
32.96,13,0,0,240,0,0
3.65,9,1,0,27,0,0
1024.15,13,1,0,394,1,1
203.96,15,1,0,86,0,0
99.12,20,1,0,422,0,0
167.0,11,1,0,273,1,1
25.9,16,1,0,256,0,0
122.49,17,1,0,293,0,0
65.7,4,1,0,451,0,1
509.82,5,0,0,615,0,1
202.24,22,1,0,254,0,0
44.01,2,1,0,473,1,1
33.35,1,1,0,180,1,0
34.72,6,1,0,5,0,0
333.09,18,1,0,225,0,0
58.52,3,1,1,49,0,1
205.69,11,1,1,90,1,0
53.89,20,1,0,50,1,0
109.15,15,1,0,42,1,0
93.4,7,1,1,58,1,1
173.45,1,1,0,632,0,0
5.73,19,1,0,148,0,0
116.14,1,1,0,99,0,0
74.25,23,0,1,639,1,1
53.25,21,1,0,72,0,0
2975.45,1,1,0,99,0,1
292.63,18,0,0,107,1,1
6.75,18,1,0,426,1,0
78.3,3,1,0,631,0,0
145.03,6,0,0,53,0,1
43.76,4,0,0,54,0,0
21.6,5,1,0,16,0,0
83.07,15,1,0,143,0,0
27.0,1,1,0,815,0,0
10.92,3,1,0,296,0,1
280.05,20,1,0,480,1,0
11.34,4,1,0,146,0,0
3.75,5,1,0,520,0,0
272.6,16,0,1,85,1,1
57.52,16,1,0,1505,0,0
164.0,1,0,1,58,0,1
62.49,11,1,0,361,1,1
341.51,21,1,0,519,0,0
395.52,17,1,0,245,0,0
144.32,16,1,0,172,0,0
102.99,7,0,0,27,1,1
176.76,21,1,0,180,1,0
223.63,20,0,0,1047,0,1
13.93,17,1,0,258,0,0
81.6,22,1,1,182,0,1
473.9,12,1,0,1176,0,0
72.38,11,1,0,151,0,0
28.64,0,1,0,86,0,0
19.07,0,1,0,87,1,0
40.74,7,1,0,334,1,1
82.15,13,1,0,9,1,0
539.79,2,1,0,1350,0,0
176.35,5,1,0,19,1,1
49.25,20,1,1,497,0,1
179.21,11,1,0,1549,1,1
72.88,20,1,0,253,0,0
136.86,14,1,0,46,0,1
77.72,13,1,0,210,0,0
508.5,9,1,0,54,0,1
932.25,4,1,0,614,1,1
33.62,16,1,0,11,1,0
94.09,3,1,2,748,0,1
18.91,10,1,1,193,1,1
51.48,9,1,0,649,0,0
45.88,1,0,0,186,0,0
37.66,23,1,0,464,0,0
34.27,9,1,1,584,0,1
168.39,16,1,0,111,1,0
115.1,20,1,1,21,1,0
112.44,19,1,0,334,0,0
12.47,17,1,0,745,0,0
92.6,2,0,0,494,1,1
17.56,1,1,0,30,1,0
156.68,8,1,1,289,1,1
68.06,20,1,0,902,0,0
724.96,11,1,1,104,1,1
13.86,23,0,0,348,0,0
17.41,14,1,0,170,0,0
107.35,6,1,0,1250,0,0
32.15,7,1,0,167,0,0
196.22,2,0,0,131,1,1
717.17,3,1,2,71,0,1
312.4,13,1,0,440,0,0
187.89,5,1,0,322,0,0
988.76,9,1,0,62,0,1
39.9,20,1,0,1011,0,0
50.11,22,1,1,773,0,1
188.8,1,1,0,233,0,0
51.71,23,0,0,45,0,0
80.42,15,1,1,277,1,1
54.47,8,1,0,188,1,1
74.55,14,1,0,390,0,0
39.83,12,1,1,162,1,1
2304.62,13,1,0,35,1,1
173.13,17,1,1,576,1,1
633.31,3,1,0,63,0,0
76.1,11,1,0,796,0,0
690.77,20,0,0,37,0,1
253.56,0,0,0,32,0,0
60.34,16,0,0,380,1,0
78.39,23,0,0,622,0,0
11.0,12,1,0,102,0,0
82.49,11,0,0,146,1,1
76.34,13,1,0,103,1,0
322.85,13,1,0,227,1,0
31.82,6,1,0,135,1,0
178.93,20,1,0,74,0,0
9.81,2,1,0,1757,0,0
187.43,0,1,1,95,0,1
153.96,10,0,0,299,0,1
47.71,6,0,0,227,0,0
28.71,9,1,0,957,0,0
44.98,20,1,0,428,0,0
11.97,21,1,0,75,1,0
93.76,10,1,0,257,0,0
76.92,15,0,0,531,0,0
57.35,11,0,0,696,0,0
374.01,13,1,2,112,1,1
241.67,23,1,0,549,0,0
46.49,9,1,0,3,0,0
121.4,9,1,0,482,0,0
37.39,7,1,0,310,1,0
218.49,20,1,0,1484,0,0
26.33,0,1,0,118,0,0
118.09,17,1,0,1157,0,0
817.72,4,1,0,172,0,1
94.15,15,1,0,478,1,0
235.69,13,1,0,93,0,0
39.4,22,1,0,39,1,0
79.07,14,1,0,70,0,0
44.33,12,0,0,325,0,0
1046.84,16,1,1,40,0,1
272.2,20,1,0,938,1,1
97.33,1,1,0,14,0,0
92.58,7,1,0,168,0,0
76.39,21,1,0,143,1,0
158.7,18,1,0,139,1,0
41.36,8,1,0,174,0,0
159.67,16,0,0,181,1,1
36.11,2,1,0,21,0,1
968.88,8,1,0,340,0,1
42.14,13,1,0,125,1,1
113.11,12,0,2,988,0,1
54.72,2,1,0,245,0,1
130.03,18,1,0,164,1,0
263.3,23,1,0,11,1,1
50.98,4,0,1,1298,0,1
551.72,15,1,0,27,1,1
130.31,3,1,0,32,1,1
110.18,18,1,0,126,1,0
551.25,5,1,0,862,0,0
80.35,1,1,0,394,0,0
157.54,22,1,0,496,1,0
13.31,10,1,2,81,1,1
83.91,14,1,1,169,0,1
362.56,16,1,0,1027,1,0
239.67,6,1,0,502,0,0
321.16,9,1,0,15,1,1
23.43,13,1,0,1131,0,0
202.74,21,1,0,35,0,1
66.61,5,1,0,181,0,0
411.98,12,1,0,402,1,0
35.74,20,1,0,37,0,0
135.27,4,0,0,216,0,1
25.27,8,1,0,214,0,0
413.0,13,1,0,134,0,0
185.76,11,1,0,352,0,0
107.99,2,1,0,279,0,0
486.44,5,0,0,139,0,1
22.77,4,1,0,410,0,0
113.31,21,0,0,757,0,1
472.33,11,1,0,1180,0,0
38.09,0,1,0,96,0,0
41.28,3,1,0,83,0,0
31.46,16,0,0,44,1,0
91.54,22,1,0,19,0,0
213.6,4,1,1,779,0,1
65.78,22,1,0,164,1,0
113.43,8,0,0,218,0,1
26.99,1,1,0,119,1,0
65.26,18,1,0,130,1,0
155.88,2,1,0,33,0,0
492.78,11,1,1,357,0,1
62.77,3,1,0,229,0,0
270.38,10,1,0,203,0,0
118.7,6,1,0,454,1,1
216.66,20,1,0,124,0,0
270.52,10,1,2,205,0,1
65.48,5,1,0,172,1,1
36.06,13,1,0,762,0,0
58.66,15,1,0,251,0,0
539.51,11,1,0,361,0,0
51.22,6,1,0,225,0,0
94.55,2,1,1,45,0,1
665.86,18,1,0,335,0,0
9.48,14,1,0,248,0,0
107.86,19,1,0,136,0,0
91.62,1,1,0,199,1,1
52.56,22,0,0,241,0,0
121.82,22,1,0,62,1,0
138.44,13,1,0,1,0,1
237.7,14,1,0,306,0,0
410.64,21,1,0,326,0,0
220.92,3,1,0,1022,0,0
370.56,1,1,0,540,1,1
180.47,19,1,0,175,0,0
370.6,10,1,0,239,1,1
85.45,4,1,0,578,1,1
109.8,3,1,1,6,0,1
85.05,3,1,0,633,1,1
81.27,2,1,0,403,1,0
73.46,0,1,0,164,0,0
109.87,8,0,0,355,0,1
264.52,20,1,0,196,0,0
121.55,9,1,0,105,0,0
110.18,6,1,0,308,0,0
93.23,11,1,0,24,1,1
27.21,20,1,0,160,0,0
266.37,8,1,0,9,0,1
24.2,20,1,0,187,0,0
482.28,19,1,0,74,0,0
18.13,3,1,0,559,0,0
319.86,23,1,0,15,1,1
125.06,13,0,0,442,1,1
28.3,1,1,0,28,0,0
251.54,6,1,0,384,1,1
84.28,15,1,0,26,0,0
79.39,5,1,0,75,0,0
38.61,1,1,1,118,0,1
18.14,3,1,0,367,0,0
305.38,12,0,0,18,0,1
327.17,11,1,0,153,0,0
64.51,9,1,0,310,0,0
110.58,18,0,0,261,0,1
120.09,12,1,0,178,0,0
46.17,17,0,0,95,0,0
82.99,1,1,0,445,0,0
153.98,10,1,2,139,0,1
58.87,11,0,0,672,0,0
136.69,4,1,0,135,0,0
206.01,5,1,0,810,1,1
23.43,5,1,0,201,0,1
157.34,10,0,0,28,0,1
279.32,1,1,0,110,0,0
17.46,1,1,0,386,0,0
95.84,22,0,0,454,0,0
67.43,3,1,0,511,1,1
311.63,15,1,1,72,0,1
659.98,13,1,1,98,0,1
26.3,15,1,0,721,1,0
129.33,7,1,0,455,0,0
130.01,4,1,0,237,0,0
22.34,22,1,0,729,1,0
39.25,20,0,0,181,1,0
115.75,7,1,0,479,0,0
739.04,3,1,0,146,0,0
110.56,19,1,0,58,0,0
83.37,7,1,0,634,1,0
20.42,3,1,0,133,0,0
910.18,13,1,0,136,0,1
49.88,3,1,1,1865,1,1
62.37,2,1,0,1220,0,0
20.23,10,1,1,176,0,1
30.05,7,0,0,720,1,0
41.04,12,1,0,287,1,0
166.07,23,1,0,23,0,1
40.1,19,1,0,223,0,0
106.07,8,1,0,520,1,0
17.55,0,1,0,397,0,0
55.29,11,1,0,7,1,0
157.72,0,1,0,102,0,0
1038.69,17,1,0,137,0,1
727.88,6,1,0,217,0,1
12.42,4,1,0,355,0,0
563.54,7,1,0,461,1,1
201.96,22,1,0,273,0,0
9.24,3,0,0,774,0,0
921.28,4,1,1,107,0,1
27.2,4,1,0,48,0,0
101.41,22,1,0,559,0,0
87.7,22,1,0,473,1,0
118.64,10,0,0,176,1,1
49.92,21,1,0,1124,0,0
57.27,20,1,0,561,1,0
83.4,14,1,0,372,0,0
10.0,0,1,0,361,0,0
7.56,8,0,0,55,0,1
221.0,9,0,0,252,1,1
718.5,10,1,0,452,1,1
102.76,12,1,0,467,0,0
185.16,17,1,0,212,1,0
88.85,6,0,1,372,0,1
62.65,8,1,0,603,1,1
274.58,11,1,0,289,0,0
21.5,21,1,1,654,1,1
300.91,0,1,0,85,1,1
57.45,3,1,0,1139,0,0
36.26,0,1,0,15,1,0
328.93,16,1,0,89,1,0
165.32,1,1,0,1300,1,1
68.22,9,1,0,98,0,0
1170.34,22,0,0,114,0,1
75.13,19,1,0,192,0,0
31.89,23,1,0,547,0,0
84.51,4,1,0,290,0,0
64.85,9,1,0,201,1,1
66.85,2,1,0,86,0,0
31.55,6,1,0,471,0,0
42.75,6,0,1,128,0,1
210.45,12,0,2,115,0,1
99.95,14,1,0,61,0,0
6.71,11,0,0,103,0,0
77.79,4,1,0,660,0,0
131.43,8,1,0,64,0,0
91.08,13,1,0,741,0,0
138.44,8,1,0,164,1,1
41.01,15,1,0,754,0,0
137.75,13,1,0,324,0,0
162.97,9,1,0,260,0,0
16.14,19,1,0,192,1,0
689.7,20,1,0,239,0,0
9.6,5,1,0,540,0,0
89.28,20,0,1,436,0,1
8.84,13,1,0,164,0,0
40.06,5,1,1,759,0,1
154.89,7,1,0,67,0,0
537.12,20,1,0,216,0,0
218.47,15,1,0,384,0,0
79.93,20,1,0,598,0,0
59.94,18,1,0,39,1,0
6.04,14,1,0,74,0,0
157.54,0,1,0,130,1,0
333.45,5,0,0,33,0,1
30.23,1,1,0,163,1,0
328.53,17,1,0,57,1,1
340.69,9,1,0,108,0,0
13.02,12,1,0,37,1,0
198.01,17,1,0,129,1,0
42.85,5,1,0,57,0,0
47.13,11,1,0,99,0,0
57.89,11,1,0,1180,0,0
81.61,21,1,0,18,0,0
69.89,12,1,0,342,0,0
152.54,2,1,0,362,0,0
62.92,23,1,0,219,0,0
138.58,19,1,0,93,0,0
57.7,2,1,0,182,1,1
219.88,11,1,0,118,0,0
26.04,20,1,0,232,0,0
29.3,12,1,0,683,0,0
130.35,20,1,0,342,0,0
58.55,23,1,0,214,0,0
27.84,9,1,0,550,1,0
171.21,3,1,0,147,1,1
103.49,0,1,0,1050,0,0
112.34,5,0,0,329,0,1
171.01,15,1,0,139,0,0
73.68,4,1,0,226,1,1
148.82,0,0,2,231,1,1
20.79,4,1,0,507,0,0
1522.78,5,1,0,311,0,1
85.86,9,1,0,285,0,0
742.98,12,1,0,205,0,1
36.68,4,1,0,38,1,0
115.45,18,1,0,17,0,0
3.43,4,1,0,849,0,0
50.44,20,1,0,366,1,0
26.76,1,1,0,255,1,0
61.82,11,1,0,200,0,0
148.05,2,1,0,366,0,0
117.09,14,0,0,77,0,1
38.1,4,1,0,180,1,0
28.83,12,1,0,966,1,0
281.79,19,1,0,186,0,0
767.51,17,1,0,6,0,1
2343.12,19,1,0,383,0,1
135.32,15,1,2,851,0,1
61.53,6,1,0,720,1,1
75.39,10,0,0,263,0,0
10.43,20,1,0,882,0,0
159.13,20,1,0,497,0,0
89.15,4,0,0,56,1,1
30.59,23,1,0,1522,0,0
172.82,17,0,0,447,0,1
39.58,5,1,0,389,0,0
205.54,14,1,0,601,0,0
138.88,7,1,0,405,0,0
33.8,12,0,0,147,0,0
33.13,10,1,1,375,1,1
93.85,13,1,0,117,1,1
799.01,20,1,1,442,0,1
92.24,16,1,0,11,0,0
49.43,9,1,0,27,1,1
172.17,12,1,0,618,0,0
903.14,10,1,0,1555,0,1
29.94,17,1,0,737,0,0
227.7,4,1,1,439,1,1
388.83,23,1,0,1946,1,0
21.95,1,1,0,83,1,0
19.37,7,0,0,195,1,0
1175.74,6,1,0,898,0,1
80.05,15,1,0,116,0,0
119.51,20,1,0,155,0,0
253.55,18,0,0,144,0,1
226.05,18,1,0,140,0,1
38.63,22,1,0,94,0,0
12.24,7,1,0,34,0,0
149.03,7,1,0,110,1,1
53.28,18,1,0,36,0,0
37.92,6,1,0,39,0,0
109.71,15,1,1,34,1,1
1095.67,10,1,0,148,1,1
900.52,2,1,0,445,0,1
132.92,5,1,0,901,0,0
116.84,20,1,0,42,0,0
834.14,23,1,0,196,0,1
39.91,22,1,0,828,0,0
58.06,23,1,0,334,0,0
266.01,7,1,0,243,0,0
29.93,0,1,0,400,1,0
326.73,13,1,0,155,1,0
312.83,16,1,0,322,1,0
1091.4,22,1,0,198,0,1
33.83,3,1,0,727,0,0
201.9,23,1,1,345,0,0
61.91,8,1,0,242,0,0
613.56,0,1,1,237,0,1
85.71,13,1,0,124,0,0
34.51,9,1,0,430,0,0
56.4,14,1,0,3,0,0
30.73,17,1,0,16,0,0
16.86,13,1,0,781,0,0
35.29,20,1,0,119,1,0
59.3,2,1,0,308,0,0
17.76,2,1,0,519,0,0
56.19,19,1,0,461,1,0
61.44,16,1,0,275,1,0
63.33,11,1,0,27,0,0
62.86,6,1,0,174,0,0
10.5,10,1,1,275,0,1
329.33,3,1,0,218,0,0
182.62,11,0,0,180,0,1
79.26,10,1,0,265,1,1
40.67,13,1,0,50,0,0
138.56,18,1,1,189,1,1
353.17,23,1,0,506,0,0
105.93,12,1,0,25,0,0
117.1,21,1,0,129,1,0
100.11,23,1,0,713,1,0
813.83,5,1,0,784,1,1
67.93,14,1,0,206,0,0
20.53,22,0,1,683,1,1
187.61,14,0,0,516,1,1
33.09,12,1,0,454,1,0
105.87,2,1,2,73,0,1
39.0,16,1,0,53,1,0
157.87,12,1,1,654,0,1
211.81,7,1,0,914,0,0
31.16,5,1,0,242,0,0
365.83,16,0,0,318,0,1
368.72,23,1,0,238,0,0
224.35,19,0,0,354,1,1
1074.07,8,0,0,95,0,1
190.85,2,1,0,293,0,1
57.24,3,1,0,363,1,1
308.66,15,1,0,124,0,0
172.48,22,1,0,442,0,0
87.94,7,1,0,687,0,0
69.88,4,1,0,3,0,0
456.78,4,1,0,19,1,1
46.12,9,1,0,136,0,0
59.2,9,1,2,204,0,1
47.11,21,1,0,54,1,0
460.4,10,1,0,373,0,1
37.41,11,1,0,325,1,0
462.8,2,1,0,86,0,0
158.55,21,0,0,584,0,1
2.26,1,1,0,78,1,0
209.66,5,1,0,753,0,0
30.68,14,1,1,733,1,1
143.01,16,1,0,9,0,1
30.75,4,0,0,577,1,0
187.96,10,1,0,36,1,1
266.72,15,0,0,2084,0,1
54.02,9,0,0,541,0,0
192.42,23,1,0,392,1,0
48.49,12,0,0,7,1,0
199.15,21,1,0,443,0,0
232.32,1,1,0,176,0,0
22.12,14,1,0,114,0,0
3.48,17,1,0,232,0,0
185.39,4,1,0,33,0,1
66.9,17,1,0,366,0,0
224.96,10,1,0,400,0,0
541.3,1,1,0,427,1,1
43.16,3,1,0,486,1,1
92.11,17,1,0,35,1,0
217.18,11,1,0,626,0,0
97.0,8,1,0,342,1,1
454.3,19,0,0,137,0,1
65.84,2,0,0,4,0,0
23.2,5,1,1,574,0,1
138.39,13,1,0,251,0,0
198.44,12,1,0,12,0,1
43.27,4,0,0,14,0,0
77.32,9,0,0,317,1,1
189.91,7,1,0,36,0,1
248.95,0,1,0,97,0,0
30.5,15,1,0,300,0,0
33.99,13,1,0,445,0,0
39.28,14,1,0,325,0,0
276.3,16,1,0,24,0,0
34.84,13,1,0,171,0,0
211.5,10,0,0,43,0,1
69.25,19,0,0,34,0,0
823.31,8,1,0,685,0,1
157.93,17,0,0,75,0,1
69.47,0,1,1,629,0,1
144.27,15,1,0,13,1,1
3.58,15,1,0,128,0,0
76.71,8,0,0,743,0,0
46.99,13,1,0,290,0,0
16.95,20,1,0,431,1,0
18.02,1,1,0,51,0,0
184.32,3,1,0,523,0,0
521.7,10,1,0,949,0,1
2450.57,16,1,0,331,0,1
296.87,4,1,0,34,0,1
344.14,23,0,0,9,0,1
16.79,16,1,0,110,0,0
126.54,1,1,0,793,0,0
73.03,13,1,0,115,1,0
220.99,1,1,0,599,1,1
115.54,1,1,0,822,1,1
42.54,7,1,0,250,0,0
28.92,6,1,0,108,1,0
144.44,19,1,0,292,0,0
100.95,21,1,2,477,0,1
25.12,4,0,0,84,0,0
493.33,8,0,0,38,1,1
42.32,21,1,0,211,1,0
265.85,10,1,0,163,0,0
112.38,6,1,0,515,1,1
107.25,21,1,0,367,1,0
135.36,17,1,0,151,0,0
54.89,2,1,0,757,0,0
40.05,1,1,0,47,1,1
22.81,18,1,0,158,0,1
185.95,8,1,0,114,0,0
630.71,11,1,0,176,0,0
71.41,10,1,0,271,0,1
62.94,1,1,0,289,0,0
86.69,20,1,0,514,0,0
143.03,13,1,0,313,0,0
61.55,12,1,0,262,0,0
165.62,8,1,0,350,0,0
432.3,0,0,0,176,0,1
45.23,0,1,0,1410,0,0
21.32,19,0,0,199,0,0
143.61,13,1,0,585,0,0
613.21,16,0,0,167,0,1
198.71,10,1,0,166,0,0
23.36,5,1,0,392,1,0
63.74,4,1,0,990,0,0
211.08,10,1,0,259,0,0
300.69,14,1,0,446,0,0
76.41,23,1,0,918,1,0
91.83,19,1,0,320,0,0
39.8,0,1,0,559,0,1
12.53,23,1,0,81,1,0
29.34,21,1,0,906,0,0
91.05,15,1,0,717,1,0
9.88,2,1,0,209,1,0
95.16,2,0,0,241,1,1
51.33,14,1,0,178,0,0
964.84,22,1,0,629,0,1
10.89,10,1,0,563,0,0
97.78,12,1,0,845,0,0
395.14,1,1,0,157,0,0
215.49,3,1,0,98,0,0
323.59,22,0,0,297,1,0
64.22,12,1,0,69,1,0
47.28,18,1,0,237,0,0
80.34,14,1,0,44,0,0
66.1,19,0,0,209,1,0
177.02,11,1,0,128,0,0
437.55,23,1,0,182,1,0
44.03,5,1,0,584,0,0
193.16,12,1,1,80,0,1
190.69,23,1,1,120,0,1
1000.53,4,0,0,140,0,1
38.45,10,1,0,212,1,0
100.17,1,0,0,190,0,1
378.86,20,1,0,249,0,0
398.51,1,1,1,415,0,1
257.12,6,0,0,478,1,1
61.15,12,1,0,786,0,0
26.59,10,1,0,353,0,0
417.3,5,1,1,3,0,1
150.74,12,1,0,229,0,0
155.91,11,1,0,140,1,1
59.31,18,1,1,299,0,1
80.66,11,1,0,1846,1,1
60.1,4,1,1,299,0,1
124.24,19,1,0,482,0,0
617.58,15,1,0,300,1,0
253.91,0,1,0,388,0,0
446.51,13,1,0,143,1,0
125.7,6,1,0,229,0,0
53.17,15,1,0,84,0,1
162.36,18,0,0,499,0,1
29.94,8,1,0,157,1,0
184.34,9,1,0,232,0,0
287.08,18,1,0,275,1,0
183.9,4,1,0,161,1,1
126.82,2,0,0,385,0,1
885.88,12,1,0,96,0,0
348.05,15,1,0,21,0,0
137.75,13,1,0,147,1,0
362.53,14,1,0,633,0,0
14.65,13,1,0,172,1,0
51.51,10,1,0,5,0,0
16.59,12,1,0,39,1,0
172.28,1,1,0,681,1,1
97.87,13,1,0,367,0,0
566.21,12,1,0,578,0,0
803.41,19,1,0,441,0,1
310.1,9,1,0,113,0,0
89.65,21,1,0,39,0,0
13.41,19,1,0,50,0,0
18.26,9,1,0,398,0,0
27.94,0,1,0,527,1,0
18.12,1,1,0,99,0,0
76.06,14,1,0,1548,0,1
157.72,12,1,0,807,1,0
276.74,9,1,0,217,0,0
461.01,5,1,0,402,0,0
75.86,5,1,0,67,0,0
104.62,13,0,0,37,1,0
721.87,6,1,0,88,0,1
212.84,21,1,0,106,0,0
133.07,10,1,0,111,0,0
292.34,19,1,0,1279,1,0
25.13,14,1,0,176,1,0
61.72,12,0,0,555,0,0
20.22,12,1,0,216,0,0
15.39,21,1,0,829,0,0
64.12,15,1,0,247,0,1
74.19,17,1,0,169,1,0
81.96,0,0,0,29,0,0
39.51,12,1,1,190,0,1
55.95,2,1,1,82,0,1
53.37,16,1,1,525,0,1
497.11,1,1,0,1021,1,1
16.58,6,1,0,296,1,0
30.96,17,1,0,747,0,0
229.01,15,1,0,114,0,0
87.59,17,1,0,31,1,0
264.89,7,0,0,72,0,1
44.58,13,1,0,366,1,0
375.28,11,1,0,260,0,0
86.51,15,1,0,381,0,0
382.28,12,0,0,20,1,1
101.07,12,1,0,510,0,0
131.6,11,1,0,11,0,1
477.16,0,0,0,462,1,1
538.51,18,1,0,490,0,0
18.43,6,1,0,23,0,0
114.92,23,1,0,62,1,0
289.03,12,1,0,125,0,0
87.44,22,1,0,47,1,0
46.56,14,1,0,391,0,1
378.55,8,1,0,179,0,0
25.62,6,1,0,186,0,0
35.43,14,0,0,452,0,0
31.36,22,1,0,7,0,0
620.05,19,1,0,70,0,0
35.05,18,0,1,88,0,1
238.41,18,1,0,54,0,1
136.91,12,0,0,18,1,1
212.29,10,1,0,306,0,0
96.07,5,0,0,395,1,0
26.52,3,1,1,2,1,1
68.42,3,0,0,357,0,0
101.54,4,1,0,444,0,0
94.58,0,1,0,457,0,0
762.4,7,1,0,550,0,1
23.58,13,1,0,117,0,0
907.2,4,1,0,442,1,1
34.2,11,1,0,9,0,0
54.11,8,0,0,189,0,0
19.43,8,1,0,179,0,0
11.24,20,0,0,718,1,0
25.19,6,1,0,142,1,1
497.35,1,1,0,620,1,1
160.53,21,1,0,357,0,0
24.33,14,1,0,488,0,0
23.73,11,1,0,704,0,0
148.05,5,1,0,53,0,1
188.76,8,1,0,103,0,0
216.83,9,1,0,20,0,1
219.67,4,1,0,143,0,0
110.38,17,0,0,565,0,1
132.04,23,1,1,656,0,1
84.56,10,1,0,77,0,0
74.56,11,0,0,194,0,0
58.08,20,1,0,26,1,0
547.68,7,1,0,237,0,0
65.99,4,1,0,268,0,0
263.14,7,1,0,280,0,0
95.19,19,1,0,328,0,0
46.81,4,1,0,372,0,0
12.68,7,1,0,363,0,0
56.38,2,1,0,23,1,1
573.82,5,1,0,135,1,1
46.72,2,0,0,382,0,0
203.35,21,1,0,258,0,0
362.88,2,1,0,308,1,1
65.64,12,1,0,60,0,0
61.55,6,1,0,180,0,0
113.89,15,1,0,120,0,0
78.13,5,1,0,100,0,0
41.22,16,1,1,88,1,1
274.33,18,1,0,577,0,0
100.49,7,1,0,155,0,0
18.97,10,1,0,115,1,0
79.02,22,0,0,133,0,0
38.02,12,1,0,571,0,0
22.15,22,1,0,248,0,0
263.54,16,1,1,169,0,1
67.91,5,1,0,457,0,0
41.83,2,1,0,82,1,0
62.4,5,1,1,114,1,1
24.81,5,1,0,694,1,0
281.8,23,1,0,148,0,0
67.87,16,1,0,240,0,0
70.24,22,1,0,196,0,0
94.67,16,1,0,957,1,0
70.69,14,0,0,958,1,0
67.08,7,1,0,131,0,0
333.16,9,1,0,377,0,0
173.07,8,1,0,48,0,1
161.14,17,1,0,19,0,1
573.62,5,1,0,391,0,0
47.26,5,1,0,220,0,0
261.24,10,1,0,293,0,0
240.45,5,1,0,791,1,1
351.6,13,1,0,124,0,0
14.47,18,1,0,376,0,0
130.73,18,1,0,215,0,0
44.05,6,0,0,114,0,1
11.45,12,1,0,8,1,0
150.78,12,1,0,585,0,0
159.52,23,1,0,89,0,0
11.85,4,1,0,135,1,0
101.1,8,1,0,167,0,0
68.5,17,1,0,24,0,0
448.21,9,1,0,413,0,0
272.9,7,1,0,408,0,0
37.29,11,1,1,232,1,1
26.07,8,1,0,351,0,0
668.93,19,1,0,745,0,0
18.39,12,1,0,4,1,0
281.69,14,1,0,68,0,0
36.03,4,1,0,395,1,0
135.04,21,1,0,495,0,0
50.0,6,1,0,626,0,0
157.91,4,1,0,85,1,0
275.33,15,1,0,54,0,1
20.18,0,0,0,58,0,0
541.08,12,0,0,139,1,1
82.33,2,1,0,441,0,0
507.47,5,0,0,57,1,1
304.61,0,0,0,110,0,1
28.07,10,1,0,509,0,1
26.01,11,1,1,201,1,1
62.26,9,1,0,170,0,0
528.15,8,1,1,163,0,1
65.2,20,1,0,21,1,0
85.17,8,1,0,79,0,0
18.94,22,1,0,130,1,0
1318.79,14,1,0,217,0,1
125.21,6,1,1,392,1,1
77.32,22,1,0,63,0,0
191.22,10,1,0,202,1,1
796.61,19,0,0,432,1,1
84.55,1,1,1,98,0,1
16.17,0,1,0,46,0,0
242.57,9,1,1,873,1,1
149.79,20,1,0,876,0,0
54.42,3,1,0,71,0,0
56.51,3,1,0,372,1,1
56.32,10,1,0,4,1,1
8.23,1,1,0,167,1,0
58.72,17,1,0,27,0,0
33.78,6,1,0,463,0,0
124.23,16,1,0,97,0,0
83.37,23,0,0,137,0,0
101.5,1,1,0,588,0,0
385.86,10,0,0,23,1,1
20.45,16,1,0,1145,1,0
118.52,17,0,0,344,0,1
52.37,17,1,0,189,0,0
213.73,13,1,0,174,1,0
106.02,16,1,0,953,0,0
149.09,8,1,0,164,0,1
89.19,16,1,0,580,1,0
217.56,20,1,0,396,0,0
427.62,19,1,0,382,0,0
221.39,16,1,0,496,0,0
275.56,16,1,0,328,0,0
337.53,13,0,0,1076,0,0
20.26,18,0,0,306,0,0
141.75,7,0,0,39,1,1
1038.92,22,1,0,390,0,1
819.73,7,1,0,547,0,1
94.94,2,1,0,360,0,0
50.09,4,1,0,403,0,0
183.24,3,1,0,14,0,1
85.97,20,1,0,88,0,0
39.85,9,1,0,717,0,0
36.64,3,1,0,233,1,0
119.77,0,1,0,725,0,0
100.74,16,1,0,13,1,0
90.23,20,1,0,323,0,0
226.22,12,0,0,121,0,1
7.96,5,1,0,255,0,0
51.8,3,1,0,389,0,1
49.1,0,1,0,97,1,1
278.72,23,1,1,49,0,1
256.34,17,1,0,120,1,0
50.12,14,1,0,411,0,0
61.69,7,1,0,245,0,0
95.28,14,1,0,236,0,0
55.43,0,1,0,159,0,0
67.17,3,1,0,51,1,1
101.4,23,0,0,268,0,1
40.75,20,0,0,72,0,0
50.66,14,0,0,139,0,0
102.57,11,1,0,223,1,1
139.62,13,0,0,731,0,1
98.14,8,0,1,241,0,1
77.19,15,1,0,488,0,0
438.62,0,1,0,38,1,1
136.34,16,1,0,50,0,1
409.43,11,1,1,210,0,1
15.73,12,1,0,25,0,0
186.06,21,1,0,903,0,0
251.89,19,1,0,37,0,1
181.13,3,1,0,588,0,0
64.18,4,1,1,241,1,1
64.69,0,1,0,192,0,0
900.24,23,1,1,263,1,1
67.7,4,0,0,179,1,1
250.13,12,1,0,167,0,0
159.69,2,0,0,241,0,1
23.81,4,1,0,431,1,0
308.7,6,0,0,41,0,1
24.41,23,1,1,64,0,1
233.72,15,1,0,155,0,0
316.53,18,1,0,343,0,0
372.48,20,1,0,102,0,1
21.35,21,1,1,171,0,1
66.36,15,1,0,142,1,0
67.67,23,1,0,36,0,0
93.92,4,1,0,180,0,0
110.38,21,1,1,25,1,1
26.74,6,1,0,116,0,0
29.21,8,0,0,536,1,0
67.7,8,0,0,129,1,1
30.45,11,1,0,121,1,0
36.25,8,1,0,135,0,0
32.16,17,1,1,63,1,0
229.85,7,0,0,557,0,1
123.44,4,0,0,816,0,1
32.44,20,1,0,312,0,0
207.06,13,1,0,103,0,0
39.95,4,1,0,531,0,0
269.75,22,1,0,48,0,1
52.86,21,1,1,541,0,1
204.37,3,1,0,494,1,1
19.85,18,1,0,804,1,0
52.61,0,1,0,179,0,0
66.88,1,0,0,14,1,0
28.47,18,1,0,25,1,0
475.34,14,1,0,17,1,1
52.9,1,1,0,89,1,0
586.83,9,1,0,216,0,0
111.08,17,1,1,152,0,1
420.2,22,1,0,8,0,1
27.63,3,1,0,50,1,0
246.08,22,1,0,1799,1,0
127.97,1,1,0,75,1,1
293.65,14,1,0,135,1,0
73.52,8,1,2,443,0,1
251.72,5,1,0,94,0,0
64.87,11,1,0,129,0,0
94.04,15,0,0,121,1,0
15.78,20,1,0,230,0,0
155.55,5,1,0,168,0,0
72.08,4,1,0,185,1,1
123.5,17,0,0,615,1,1
150.25,9,1,0,75,0,0
11.79,11,0,0,606,1,0
46.94,13,1,0,2517,0,0
67.64,10,1,0,349,1,1
28.85,1,1,0,487,0,0
723.23,13,1,0,87,0,1
109.39,2,1,0,567,0,0
26.08,12,0,0,100,1,0
35.7,1,1,0,566,0,0
102.9,5,1,0,637,0,0
82.38,16,1,0,109,1,0
206.67,4,1,0,269,0,0
113.09,19,1,0,1127,0,0
33.8,12,1,0,346,0,0
143.74,4,1,0,74,1,1
97.06,22,1,1,266,0,1
97.68,5,0,0,217,0,0
22.01,19,0,0,330,0,0
260.18,10,0,0,43,0,1
108.03,16,1,0,68,0,0
130.2,18,1,0,1119,1,0
37.1,0,1,0,717,0,0
31.81,19,1,0,32,1,0
19.46,3,1,1,305,0,1
188.56,15,1,0,395,0,0
21.79,18,1,2,139,1,1
158.26,9,1,0,716,0,0
52.42,3,1,0,51,0,0
55.01,6,1,0,557,0,0
69.84,0,1,0,87,0,0
477.84,8,1,0,202,0,0
84.5,13,1,1,58,1,1
552.02,6,1,1,334,0,1
436.94,3,1,0,101,1,1
316.17,20,1,2,85,0,1
69.54,20,1,0,398,0,0
121.75,14,1,0,683,1,0
399.52,8,1,0,802,0,1
20.89,1,1,0,193,1,0
35.85,4,1,0,92,0,0
403.51,11,1,0,89,0,0
18.53,22,1,0,67,0,0
176.99,6,1,0,686,1,1
55.61,6,1,0,251,0,0
259.91,9,1,0,1033,1,1
269.92,3,0,0,182,0,1
127.12,20,1,0,53,0,1
322.77,0,1,0,378,0,0
487.7,1,1,0,190,0,1
82.56,6,1,0,478,0,0
413.83,6,1,0,16,0,1
87.77,2,1,0,132,0,0
69.14,21,1,0,203,0,0
256.28,12,1,1,583,1,1
69.3,6,1,0,54,0,0
83.04,4,1,0,237,0,0
33.49,6,1,0,43,0,0
88.6,1,1,0,315,1,1
345.94,12,1,0,347,1,0
176.69,23,1,0,50,0,1
41.87,8,1,0,190,1,1
316.86,19,1,0,304,1,0
490.12,10,1,0,168,0,0
41.77,8,1,0,591,0,0
234.1,14,0,0,34,0,1
21.11,12,1,1,129,1,1
64.42,11,1,0,60,0,0
146.24,19,1,0,361,0,0
154.22,2,1,0,73,0,0
87.74,14,1,0,208,1,0
109.17,16,1,0,85,1,0
792.11,13,1,1,470,1,1
32.55,1,1,0,99,0,0
60.83,12,1,1,84,0,1
498.73,1,1,0,554,0,0
111.29,1,1,0,252,0,0
15.43,1,1,0,444,1,0
60.3,19,0,1,41,0,1
277.4,11,1,0,123,0,0
36.07,20,1,0,167,0,0
516.69,21,0,0,356,1,1
75.27,8,1,1,90,0,1
195.47,13,1,0,40,0,1
16.78,18,0,0,177,0,0
150.97,22,0,0,1326,0,1
147.76,9,1,0,254,0,0
210.35,7,1,0,380,0,0
70.02,6,1,0,16,1,0
1676.31,3,0,0,326,1,1
198.52,6,1,0,7,0,1
555.13,5,1,0,213,0,0
94.05,17,1,0,1,0,0
33.56,22,1,0,63,0,0
85.02,16,1,0,249,1,0
357.94,6,1,0,484,0,0
527.91,12,1,0,78,1,0
111.89,13,1,0,47,1,0
66.73,21,1,0,448,1,0
182.67,14,1,0,174,0,0
129.56,9,1,0,294,0,0
115.48,8,0,0,396,1,1
175.32,12,1,1,153,1,1
133.71,14,0,0,31,0,0
199.78,14,1,0,127,0,0
76.43,1,1,0,163,1,1
132.11,12,0,0,155,0,1
165.46,5,1,0,311,0,1
1584.01,7,1,0,78,0,1
61.24,15,0,0,288,0,0
303.86,4,1,0,583,0,0
296.01,14,0,0,468,0,1
80.51,11,0,0,697,0,0
35.36,12,1,0,459,0,0
101.6,4,1,0,98,1,1
138.2,22,1,0,51,0,1
34.56,9,1,0,174,1,0
115.68,8,0,0,341,0,1
451.39,0,1,1,86,0,1
9.0,19,1,0,137,0,0
131.93,6,0,0,604,0,1
259.72,20,1,0,126,0,0
624.41,3,1,0,286,0,0
144.15,2,1,0,98,0,0
287.24,4,1,0,236,1,1
18.33,8,0,0,304,0,0
258.02,22,1,2,18,0,1
27.47,12,1,0,117,0,0
972.53,17,1,0,148,0,1
735.87,22,0,0,24,0,1
664.08,20,1,1,597,0,0
19.61,14,1,0,55,1,0
19.0,20,1,0,294,1,0
76.85,6,1,0,304,1,1
58.68,22,1,0,366,0,1
77.01,19,1,0,347,0,0
207.42,20,1,0,173,1,0
464.61,12,1,0,2,1,1
510.55,4,1,0,66,1,1
210.57,12,0,0,268,0,1
189.45,20,1,0,604,0,0
73.09,8,1,0,390,1,1
27.91,20,0,0,327,1,0
159.14,4,1,0,335,0,0
57.94,21,1,0,121,1,0
458.83,14,1,0,110,0,0
407.63,16,1,0,560,0,0
126.67,11,1,0,100,0,0
924.53,16,1,0,487,1,1
296.09,7,1,0,442,0,0
30.98,11,0,0,222,0,0
67.88,10,0,0,810,1,1
94.89,17,1,0,321,0,0
37.45,1,1,0,124,1,0
50.9,10,1,0,41,0,0
52.2,6,1,0,603,1,1
207.64,0,1,0,230,0,0
309.47,2,1,0,116,0,0
604.66,5,1,0,73,0,0
627.46,12,1,0,593,0,0
247.92,15,1,0,385,1,0
42.36,13,1,2,738,1,1
244.07,13,1,0,56,0,1
200.28,20,0,0,303,0,1
83.67,15,1,1,178,0,1
26.11,8,1,1,167,0,1
13.41,22,1,0,280,0,0
20.4,12,1,0,219,1,1
38.16,19,1,0,999,1,0
9.95,10,1,0,430,1,1
111.95,3,1,2,1020,0,1
28.65,7,1,0,327,0,0
90.85,8,1,0,105,1,1
27.24,1,1,0,117,0,0
234.43,0,0,0,106,1,1
317.34,20,1,0,227,1,0
343.75,15,1,0,41,0,1
168.5,10,1,0,247,0,0
91.79,6,1,0,468,1,1
787.42,10,1,0,160,0,1
69.01,14,1,0,368,0,1
130.11,13,1,0,33,1,1
321.43,0,1,0,519,0,0
142.43,21,0,0,365,0,1
78.66,7,1,0,474,0,0
242.67,23,1,0,1241,0,0
17.56,23,1,0,440,0,0
173.07,2,1,0,173,0,0
1351.59,13,1,1,96,1,1
22.85,6,1,0,89,0,0
305.37,2,1,0,32,1,0
149.27,14,1,0,529,0,0
158.08,14,1,0,712,0,0
316.93,10,1,0,3,0,1
25.55,14,1,1,227,1,1
60.54,13,1,0,904,0,0
57.63,9,0,1,12,0,0
37.17,23,1,0,246,0,0
81.56,2,1,0,109,1,1
105.92,20,1,0,144,0,1
65.65,2,1,0,204,1,1
112.61,14,1,0,43,0,0
12.36,2,1,0,116,0,0
31.15,16,1,0,67,1,0
314.02,14,1,0,37,0,1
211.82,13,1,0,110,0,0
54.11,17,1,1,328,0,1
398.58,5,1,0,222,1,1
157.68,9,1,0,371,1,1
236.33,14,0,1,657,0,1
1604.45,6,1,0,222,1,1
16.48,13,1,0,239,0,0
55.87,4,1,0,59,0,0
107.7,7,1,0,61,0,0
101.03,17,1,0,473,0,0
79.14,12,1,0,18,0,1
485.11,17,1,0,329,0,0
26.96,10,1,0,398,1,0
93.06,8,0,0,479,0,0
248.37,8,1,0,133,1,1
293.34,0,1,0,394,0,0
125.33,20,0,0,246,0,1
8.13,12,0,0,100,0,0
63.12,8,1,0,724,1,1
63.35,16,1,0,241,0,0
76.04,1,1,0,27,0,0
32.29,9,1,0,22,0,0
143.36,12,0,0,174,0,1
193.64,13,1,0,405,0,0
116.44,22,1,0,197,0,1
308.62,9,1,0,481,0,0
131.59,11,0,1,311,1,1
130.3,19,1,0,49,0,1
91.46,17,0,2,138,0,1
47.59,16,1,0,81,1,0
111.61,22,1,0,235,0,0
1212.61,21,1,0,223,0,1
47.38,16,1,0,395,1,0
94.42,17,1,0,52,0,0
172.28,10,0,0,140,0,1
89.77,13,0,0,612,1,0
54.71,13,1,1,355,0,1
138.28,9,1,0,308,1,1
40.53,17,1,1,388,1,1
36.98,18,1,0,22,0,0
260.02,11,1,0,330,0,0
26.07,0,1,1,190,0,1
8.72,23,1,0,107,0,0
366.56,0,1,0,65,1,1
317.54,14,0,0,53,0,1
149.55,2,1,0,170,0,0
45.47,13,1,0,22,0,0
10.08,4,1,0,589,0,0
53.53,20,0,0,258,0,0
99.16,18,1,1,14,0,1
344.35,16,0,0,48,0,1
276.08,17,1,0,182,0,0
306.51,14,1,0,30,0,1
134.43,21,1,0,52,0,1
137.75,10,1,0,12,1,1
147.55,23,1,0,148,0,0
44.11,9,1,0,289,0,0
171.19,4,1,1,699,0,1
122.71,12,1,0,96,0,0
63.71,12,1,0,34,1,0
157.59,15,1,0,419,0,0
62.92,8,1,0,1677,0,0
88.66,13,0,0,107,0,0
147.81,20,1,0,66,1,0
342.3,6,0,1,469,0,1
17.83,23,1,1,182,0,1
78.58,22,1,0,445,0,0
167.39,13,1,0,42,0,1
117.25,12,0,1,409,1,1
98.03,10,1,0,18,0,0
19.84,7,1,0,53,0,0
149.53,2,0,0,485,0,1
75.86,9,0,0,111,0,0
243.71,4,1,1,522,0,1
77.12,18,1,0,651,0,0
132.32,16,1,1,20,1,1
692.29,13,1,0,135,0,0
72.66,4,1,0,151,0,0
84.71,17,1,0,35,0,0
185.59,19,1,0,41,0,1
59.88,8,1,0,63,0,0
220.35,18,1,0,804,0,0
526.76,23,1,0,409,0,0
384.49,8,1,0,167,1,1
642.18,16,1,0,52,0,1
22.13,9,0,0,349,0,0
40.6,2,1,1,108,0,1
279.32,8,1,0,640,0,0
99.28,1,1,0,33,0,0
65.88,20,1,0,376,0,0
30.97,9,1,0,29,1,0
185.53,13,1,0,1256,0,0
411.21,16,1,0,756,1,0
29.03,9,1,0,729,0,0
108.65,17,0,0,197,0,1
144.61,16,1,0,1054,0,0
38.33,1,1,0,67,0,0
122.4,21,0,0,169,1,1
163.75,2,1,0,238,0,0
128.41,14,1,0,524,1,0
98.19,13,1,1,57,1,1
155.08,0,1,0,143,0,0
42.37,7,1,0,42,0,0
135.13,17,1,0,462,0,0
77.18,1,1,0,89,0,0
457.05,8,1,0,125,1,1
88.29,8,1,0,183,1,1
160.17,7,0,0,82,1,1
300.6,10,0,0,64,0,1
420.98,15,1,0,191,0,0
111.0,2,1,0,521,1,1
198.81,9,1,1,478,1,1
34.71,0,1,0,61,0,0
50.4,7,1,0,80,0,0
150.23,19,1,0,262,0,0
29.5,17,1,0,186,0,0
45.57,2,1,0,35,1,1
95.31,10,0,0,141,1,1
360.31,2,0,0,221,0,1
80.19,9,1,0,224,1,1
123.55,21,1,0,81,0,0
132.79,18,1,0,161,0,0
66.35,21,0,0,71,1,0
44.01,23,1,0,1053,0,0
109.86,17,1,2,359,0,1
34.53,21,1,0,10,0,0
99.43,16,0,0,259,0,0
2382.19,8,1,0,389,0,1
208.27,8,1,0,6,0,1
53.38,0,0,0,182,0,0
719.59,22,1,2,583,1,1
160.37,21,0,0,834,0,1
1171.68,5,0,0,208,0,1
361.19,10,1,0,427,0,0
61.84,14,1,0,262,0,0
93.95,21,1,0,24,1,0
123.0,13,1,0,503,1,0
219.32,22,0,0,287,0,1
88.47,22,1,0,200,0,0
13.69,6,0,0,710,0,1
281.42,11,0,0,204,1,1
28.3,10,1,1,129,0,1
248.32,4,1,0,21,0,1
25.43,14,1,0,15,1,0
62.48,2,0,0,214,0,0
272.39,18,0,0,1855,0,1
213.54,13,1,0,5,0,0
120.98,18,1,2,31,0,1
1968.41,19,1,0,325,0,1
99.0,0,1,0,416,1,1
116.2,7,0,0,599,0,1
68.95,9,1,0,102,0,0
145.46,13,1,0,166,1,0
77.37,20,1,0,140,0,0
17.86,23,1,0,799,0,0
46.76,5,1,0,195,0,0
176.94,15,0,1,301,0,1
210.09,20,1,0,1356,0,0
69.26,7,1,0,126,0,0
22.6,17,1,0,222,0,0
430.04,2,1,0,39,1,1
141.6,1,1,0,172,1,1
36.4,23,1,0,631,0,0
289.5,5,1,0,582,1,1
75.22,2,1,0,368,1,1
23.35,18,1,0,687,0,0
408.49,3,1,0,176,1,1
216.38,16,1,0,16,1,1
373.0,17,0,0,26,1,1
48.43,19,1,0,625,0,0
446.58,9,1,0,220,1,1
21.04,19,1,0,15,0,0
171.72,11,1,0,136,0,0
394.65,20,1,0,79,0,0
330.67,14,1,0,133,0,0
40.72,19,1,1,1,1,1
15.28,11,0,0,97,0,0
56.98,9,0,0,167,0,0
159.02,11,1,0,20,0,1
21.21,3,1,0,333,0,0
31.56,9,1,0,194,0,0
54.95,2,1,0,408,1,1
21.0,6,1,1,205,0,1
450.26,1,1,0,250,0,0
1000.04,22,1,0,763,0,1
17.05,15,1,0,562,0,0
26.48,4,1,0,170,0,0
87.73,18,1,0,110,0,0
35.92,16,1,0,19,0,0
146.99,11,1,0,20,1,1
52.09,13,0,0,26,0,0
783.24,17,1,0,92,0,0
63.5,23,1,0,30,0,0
27.79,10,1,0,405,0,0
125.58,19,1,1,215,0,1
157.4,8,1,0,675,0,0
359.8,12,1,0,62,0,1
143.46,23,1,0,54,0,1
20.9,13,1,0,1300,1,0
140.92,20,1,0,62,0,0
66.15,0,1,0,1761,1,1
62.37,4,0,0,297,1,1
17.84,1,1,0,42,0,0
1039.58,13,0,0,396,1,1
27.11,14,1,0,712,0,0
576.68,12,1,0,8,0,1
23.41,6,1,0,11,0,0
291.63,19,1,0,511,0,0
122.4,10,1,0,163,0,0
46.27,8,1,0,125,0,0
133.57,0,1,0,269,0,0
36.86,19,0,2,68,1,1
253.28,3,1,0,342,0,0
94.22,7,1,0,520,0,0
9.06,6,0,0,780,0,0
90.49,22,1,0,2577,1,0
332.21,10,0,0,62,0,1
18.71,0,1,0,416,0,0
83.66,10,1,0,94,0,0
26.56,16,1,0,2,0,0
53.58,11,1,0,71,0,0
27.58,7,1,0,144,0,0
124.83,13,1,0,184,0,0
71.45,14,1,0,155,1,0
187.94,19,1,0,152,1,0
240.5,7,1,0,24,1,0
6.83,15,1,0,198,0,0
391.8,5,1,1,587,0,1
42.36,18,1,0,103,0,0
206.09,6,1,0,565,1,1
27.41,2,1,0,1055,1,0
98.34,15,1,0,342,1,0
19.41,13,1,0,10,0,0
135.32,23,1,1,87,0,1
44.04,10,1,0,164,0,0
25.18,11,1,0,68,1,0
115.93,4,1,1,60,0,1
63.02,16,1,0,163,1,0
19.59,11,1,0,900,0,0
98.38,3,1,0,86,0,0
567.32,3,1,0,19,1,1
165.69,2,1,0,120,1,1
612.34,16,1,0,14,1,1
1378.46,12,1,0,210,0,1
293.6,20,1,0,62,0,0
134.62,10,1,0,80,0,0
305.34,6,1,1,555,0,1
797.18,1,1,0,119,0,1
45.47,22,1,0,689,0,0
14.12,8,1,0,368,1,0
39.44,5,0,1,71,1,1
39.56,10,1,0,69,0,0
163.53,16,1,0,383,0,0
22.25,19,1,0,316,0,0
53.22,16,1,1,78,0,1
16.07,23,1,0,554,0,0
81.0,11,1,0,149,0,0
219.28,14,1,0,649,1,0
64.94,16,1,0,253,0,0
47.93,23,0,0,352,0,0
291.14,10,1,0,310,0,0
309.67,10,1,0,430,1,1
261.81,17,1,1,867,0,1
35.75,12,1,0,606,0,0
87.44,0,1,0,114,1,1
55.03,8,1,0,35,0,0
111.67,19,0,0,116,0,1
598.84,15,1,0,414,0,0
90.54,1,1,0,976,0,0
309.64,0,1,0,1027,0,0
147.34,20,1,2,465,0,1
139.53,11,0,0,70,1,1
3.78,21,1,0,401,0,0
22.26,4,1,0,223,0,0
1241.58,10,1,0,137,0,1
277.34,23,1,0,996,0,0
65.64,3,1,0,55,1,1
157.82,16,1,0,121,0,0
38.85,21,1,0,372,0,0
35.31,19,1,0,878,0,0
18.41,13,1,2,141,0,0
15.3,9,1,0,236,0,0
518.94,10,1,0,14,0,1
10.81,21,1,0,534,1,0
1388.3,20,1,0,317,1,1
165.08,2,1,0,264,1,1
267.73,8,1,0,25,0,0
207.52,4,1,0,70,0,0
157.79,7,1,0,13,0,1
72.22,2,0,0,211,0,0
699.26,10,1,0,27,0,1
165.27,7,0,0,73,0,1
68.09,3,0,1,666,0,1
247.36,12,1,0,407,0,0
329.36,18,1,0,463,0,0
88.89,8,1,0,446,0,0
133.58,18,1,0,211,0,0
111.2,13,1,1,222,1,1
138.12,13,1,1,260,1,0
197.75,5,1,0,170,0,0
78.48,17,1,0,242,0,0
22.64,15,0,0,224,0,0
216.29,16,1,0,138,0,0
105.28,15,1,0,61,0,0
304.06,22,1,0,499,0,0
248.67,21,1,0,201,1,0
305.73,7,1,0,16,0,1
160.34,11,1,0,1002,0,0
45.63,0,0,0,1039,1,1
225.29,7,1,1,652,0,1
268.7,5,1,1,376,0,1
130.29,14,1,0,269,1,0
320.19,21,0,0,110,1,1
94.93,6,1,0,614,0,0
78.36,1,1,1,188,0,1
138.91,17,0,0,125,1,1
294.76,16,1,0,79,0,1
291.11,15,1,0,309,1,0
270.37,7,0,0,372,0,1
6.84,6,0,0,165,0,0
100.89,21,1,0,105,0,0
115.88,11,1,0,31,0,0
379.36,20,1,0,369,0,0
11.43,20,1,1,100,1,1
488.56,1,1,0,694,0,0
75.66,8,1,0,205,0,0
1183.01,15,1,0,210,1,1
99.59,10,0,0,21,1,1
80.24,23,0,0,276,0,0
37.1,16,1,0,564,0,0
83.54,23,1,0,110,0,0
39.12,13,1,1,302,1,0
104.32,15,1,0,14,1,0
141.55,19,0,0,13,0,0
49.04,18,1,0,399,1,0
289.56,10,1,0,284,1,1
128.85,8,1,0,260,0,0
12.23,1,1,0,910,1,0
408.01,19,1,0,292,0,0
71.36,1,1,0,12,1,1
547.99,8,1,0,315,1,1
214.62,14,1,0,124,0,0
285.31,11,1,0,299,0,1
195.71,6,1,0,243,0,0
82.51,13,0,0,740,0,0
120.47,8,1,0,153,0,0
71.97,14,1,0,91,0,0
50.84,16,1,0,180,0,0
31.75,5,1,0,8,0,0
139.84,21,1,1,455,0,1
40.05,17,1,0,114,1,0
474.44,12,1,0,255,0,0
38.81,7,1,0,79,1,0
46.06,23,1,0,20,1,0
37.03,1,1,0,190,1,0
10.03,10,1,0,138,0,0
911.29,14,1,0,59,1,1
47.1,0,1,0,103,0,0
14.07,8,1,0,125,0,0
316.79,7,1,0,390,1,1
70.29,12,1,0,173,0,0
124.0,14,1,0,69,0,0
140.99,2,1,0,69,1,1
100.57,1,1,0,252,0,0
542.39,17,1,0,25,0,1
35.12,7,1,0,615,1,0
976.36,17,1,0,910,1,1
161.17,20,1,0,265,1,0
343.28,8,1,0,349,0,0
240.68,2,1,0,339,0,0
126.25,22,0,0,151,0,0
29.2,2,1,1,576,0,1
311.85,2,0,0,245,1,1
41.64,7,1,0,471,0,0
249.02,4,1,0,638,0,0
174.47,19,1,0,15,1,1
116.09,8,1,0,349,0,0
51.02,19,1,0,925,0,0
54.67,6,0,0,81,0,0
190.39,19,0,0,76,0,1
284.02,10,1,0,1,0,1
646.25,1,1,0,602,0,0
289.91,17,1,1,74,0,1
37.22,16,1,0,57,0,0
60.42,4,1,0,237,1,1
89.39,21,1,0,21,1,0
14.86,21,1,0,1150,0,0
161.13,9,1,0,181,0,0
6.76,3,1,0,29,0,0
74.21,3,1,1,91,0,1
260.45,5,1,1,200,0,0
61.13,22,1,0,421,1,0
78.65,14,1,0,1873,0,0
70.48,5,1,0,80,0,0
131.35,12,0,0,336,0,1
66.03,16,1,0,3,0,0
84.94,20,1,0,161,1,0
38.08,11,1,0,1254,1,0
127.17,20,1,0,817,1,0
134.13,14,0,0,62,0,0
173.85,6,1,0,1468,1,1
329.67,13,1,0,595,0,0
79.38,13,0,0,8,1,0
54.1,2,0,0,149,0,0
69.22,16,0,0,757,0,0
31.73,10,1,0,16,0,0
26.54,12,1,0,125,1,0
21.35,17,1,0,105,0,0
296.38,14,1,1,136,1,1
3.8,21,1,0,364,0,0
103.74,13,1,0,387,0,0
40.8,13,1,0,491,1,0
44.26,6,1,0,242,0,0
144.67,3,1,0,183,0,0
315.16,10,1,0,111,1,1
181.89,5,1,0,797,0,0
271.35,15,1,0,16,0,1
55.04,7,1,0,154,0,0
183.79,23,1,0,141,0,0
46.34,2,1,0,423,0,0
98.41,12,1,0,2,1,0
41.95,23,1,0,72,0,0
90.69,2,1,0,498,0,0
144.1,12,1,0,158,0,0
144.54,17,1,0,82,0,1
160.64,13,1,0,16,1,1
77.69,7,1,0,111,1,1
155.39,13,1,0,118,1,0
58.67,2,1,0,520,0,0
25.58,0,1,0,376,0,0
22.59,15,1,0,380,0,0
104.24,19,0,0,38,0,1
83.4,7,1,0,205,0,0
501.99,6,1,0,183,1,1
243.57,8,0,1,991,1,1
522.97,5,0,0,108,0,1
8.97,13,1,0,202,0,0
272.38,19,1,0,474,0,0
138.35,17,0,0,533,0,1
37.24,20,1,0,491,0,0
37.92,1,1,0,70,0,0
114.99,23,1,1,137,1,1
321.62,9,1,0,557,0,0
260.93,16,1,0,30,0,1
55.61,17,1,0,202,0,0
441.84,13,1,1,966,0,1
52.32,18,1,0,651,0,0
186.17,8,1,1,217,0,1
50.09,7,1,0,324,0,0
96.13,7,1,0,358,0,0
105.78,7,1,0,301,0,0
19.9,3,1,0,375,0,0
28.24,22,1,0,2,0,0
320.14,6,1,0,539,0,0
23.62,5,1,0,225,0,0
71.56,16,0,0,168,1,0
493.48,20,1,0,30,0,1
163.36,20,1,0,147,1,0
97.79,4,1,0,18,0,0
72.99,14,1,0,398,1,0
19.4,8,0,0,69,0,0
40.23,14,1,0,51,1,0
122.61,1,1,0,469,0,0
90.3,20,0,0,396,0,0
621.07,6,1,0,341,0,0
150.67,14,1,0,152,0,0
46.37,17,1,0,78,0,0
286.57,6,1,0,436,0,1
361.03,12,1,0,192,0,0
105.46,16,0,0,88,0,1
168.51,15,1,0,686,0,0
111.58,0,1,0,355,1,1
265.77,12,0,2,697,0,1
21.39,8,1,0,507,0,0
18.84,23,1,0,202,0,1
417.73,17,1,0,55,1,1
3.22,3,0,1,99,1,1
61.81,11,1,0,107,0,0
95.21,11,1,0,344,0,0
413.09,10,1,0,274,0,0
955.2,15,1,0,52,0,1
65.05,21,1,0,332,0,0
267.52,17,0,0,702,0,1
215.85,10,0,0,225,0,1
32.51,7,0,2,68,1,1
46.61,21,1,0,138,0,0
68.88,2,1,0,61,0,0
71.34,7,1,0,891,1,1
167.04,10,1,0,69,0,0
117.57,17,1,0,32,1,0
440.88,22,0,0,104,0,1
63.33,18,1,0,875,0,0
51.11,7,1,0,124,1,1
41.67,17,1,0,494,0,0
399.47,13,0,0,442,1,1
8.3,9,1,0,163,0,0
185.22,5,0,0,602,1,1
141.74,11,1,0,155,0,0
43.49,18,1,0,547,0,0
108.4,19,1,0,119,1,0
38.48,1,1,0,32,1,0
78.06,20,1,0,254,0,0
66.72,9,1,0,249,0,0
581.82,21,1,0,357,0,0
74.46,2,0,0,548,0,1
195.94,20,1,0,100,0,0
127.74,15,1,0,123,0,0
101.63,21,1,0,80,0,0
159.05,19,1,0,17,0,1
81.26,3,1,0,24,0,0
37.87,19,1,0,23,0,0
350.89,6,1,0,215,1,1
115.53,1,0,0,100,0,1
42.36,14,1,1,24,1,1
243.56,20,1,0,30,0,1
78.72,22,1,0,110,0,0
411.05,21,1,0,344,0,0
138.62,14,1,0,50,0,1
105.5,15,1,0,41,1,0
228.02,23,1,0,357,0,0
31.89,0,1,0,49,0,0
58.2,6,1,0,71,1,1
222.53,12,1,0,210,1,0
78.07,18,1,0,86,1,0
135.04,16,1,0,270,0,0
77.34,10,1,0,49,0,0
71.49,5,1,1,218,0,0
277.39,8,1,0,43,0,1
142.26,3,1,0,16,1,1
38.21,10,1,0,429,0,0
44.69,22,0,0,729,1,0
484.38,0,1,0,38,0,1
457.23,19,1,0,447,0,1
106.44,17,1,0,108,0,0
29.06,23,1,0,914,0,0
195.32,15,1,0,199,0,0
272.97,11,1,0,576,0,0
55.68,5,1,1,453,0,1
138.33,2,1,0,678,0,0
40.35,8,1,0,83,0,0
107.82,8,1,0,87,1,1
90.66,4,1,0,75,0,0
244.81,0,1,0,669,1,1
242.82,10,1,0,208,0,0
202.46,20,1,0,68,1,0
172.09,13,1,0,448,0,0
43.91,9,1,0,489,0,0
29.61,22,1,0,133,1,0
35.1,10,1,1,40,0,1
750.58,11,1,0,696,0,1
258.88,22,1,0,110,1,0
83.6,17,1,0,372,0,1
515.05,7,1,0,225,0,0
23.01,7,1,0,118,1,0
66.87,22,1,1,119,0,1
173.5,2,0,0,543,0,1
30.25,5,1,1,275,0,1
81.55,2,1,0,536,1,1
84.68,8,1,0,352,0,1
115.65,21,1,0,449,1,0
123.16,9,1,0,561,1,1
20.3,1,1,0,147,1,0
26.0,2,1,0,1617,0,0
238.7,17,0,0,1725,0,0
19.94,13,1,0,752,0,0
67.12,8,1,0,818,0,1
17.06,7,0,0,338,0,0
25.41,4,1,0,284,0,0
311.98,11,0,0,306,0,1
24.27,8,0,0,303,0,0
21.41,7,1,0,170,0,0
213.15,4,1,0,100,0,0
120.17,21,1,0,279,0,0
32.51,23,1,0,262,1,0
7.4,15,0,0,25,1,0
53.9,11,1,0,1481,0,0
156.29,7,1,0,273,0,0
131.38,16,1,0,126,1,0
39.68,9,1,0,73,1,0
16.81,11,1,0,51,0,0
460.32,10,1,0,637,1,1
59.26,15,1,1,252,0,1
63.76,0,1,0,293,0,0
164.71,7,1,1,59,0,1
108.86,18,0,0,84,0,1
40.47,9,0,0,1017,1,1
322.91,0,1,0,294,0,0
258.81,20,0,1,445,0,1
402.27,11,1,0,19,0,1
69.93,0,1,0,398,0,0
613.27,4,1,0,408,1,0
71.39,4,1,0,106,0,0
389.08,15,1,0,469,1,0
45.97,7,1,0,173,1,1
111.16,20,1,1,122,0,1
7.93,11,1,0,504,0,0
154.71,5,1,0,632,0,0
58.31,3,1,0,374,0,1
320.91,0,0,0,55,0,0
132.01,8,1,1,185,0,1
86.73,23,1,0,190,0,0
164.6,18,1,0,837,1,0
66.47,21,1,0,28,0,0
254.3,9,1,0,448,1,1
19.31,0,1,0,265,1,0
49.29,8,1,0,30,0,0
125.49,9,1,0,146,0,0
28.9,16,1,0,196,0,0
142.35,22,1,0,92,0,0
22.24,13,1,1,223,0,1
21.89,23,1,0,33,0,0
78.13,7,1,0,19,0,0
40.45,22,1,0,155,0,0
220.05,4,1,0,47,0,1
6.78,15,1,0,155,0,0
147.98,5,1,0,53,0,1
567.36,7,0,0,283,1,1
96.84,9,1,0,507,1,1
123.94,17,1,0,102,1,0
25.51,6,1,0,243,0,0
9.03,6,1,1,334,0,1
52.25,13,1,0,2,0,0
195.52,18,1,0,406,0,1
251.52,13,1,0,159,0,0
121.14,17,0,0,652,0,1
70.28,15,1,0,151,0,0
171.55,9,1,1,181,0,1
158.36,23,1,0,465,0,0
49.65,9,1,0,240,0,0
50.83,18,1,0,388,0,1
31.36,2,1,0,54,0,0
189.75,4,1,0,357,1,1
140.57,1,0,0,42,1,1
1478.51,12,1,0,151,0,1
21.41,13,1,0,465,0,0
101.48,23,1,0,309,0,1
75.4,11,1,1,346,1,1
50.65,4,1,0,700,0,0
50.31,6,0,0,280,0,0
151.54,4,0,1,610,0,1
277.64,0,1,0,372,0,0
20.3,8,1,0,46,0,0
528.04,10,1,0,185,0,0
17.41,10,1,0,300,0,0
122.04,3,1,0,73,0,0
171.14,21,1,0,444,0,0
216.89,6,1,0,285,0,0
210.51,18,1,0,342,0,0
41.25,16,1,0,157,0,0
38.37,9,1,0,114,0,0
59.37,5,1,0,537,0,0
311.11,22,1,0,18,1,1
75.74,23,1,0,374,0,0
15.11,15,1,1,173,0,1
116.0,4,1,0,155,1,1
159.14,23,1,0,188,0,0
363.1,4,1,1,294,0,1
27.39,22,1,0,103,0,0
12.7,12,1,0,459,1,0
72.1,8,1,1,330,1,1
272.28,3,1,0,283,1,1
102.81,4,0,0,82,1,1
45.67,1,1,0,190,1,1
720.12,20,1,0,279,0,1
96.8,9,1,0,828,0,0
236.24,0,1,0,25,1,1
45.07,13,1,0,263,0,0
144.31,13,1,0,135,0,0
190.66,18,1,0,31,0,1
237.84,14,1,1,63,0,1
137.92,8,0,0,312,0,1
101.91,11,1,1,197,1,1
91.36,23,1,0,77,0,0
934.12,4,1,0,308,0,1
48.37,21,1,0,56,0,0
301.43,20,1,0,342,0,0
90.53,13,0,1,175,1,1
181.76,16,1,0,258,0,0
64.86,22,0,0,69,1,0
148.89,13,1,0,240,1,0
42.82,1,1,0,243,1,1
151.52,11,1,0,195,1,1
77.4,19,1,0,151,0,0
90.88,16,1,0,709,1,0
172.44,15,1,0,121,0,0
10.67,20,1,0,325,1,0
96.42,7,1,0,414,0,0
57.22,15,1,0,603,0,0
81.12,6,1,1,183,0,1
11.36,5,1,0,283,0,0
17.47,8,1,0,54,0,0
119.76,11,1,1,449,0,1
392.64,9,1,0,149,1,1
29.3,21,1,0,241,1,0
104.22,13,1,0,50,0,0
72.84,7,1,0,263,0,0
82.6,3,1,0,368,0,0
69.93,6,1,0,50,1,1
91.28,4,0,0,996,1,1
120.19,6,1,0,2,1,1
112.76,0,1,0,834,0,0
280.74,7,1,0,243,0,0
24.66,4,1,0,412,0,0
12.83,3,0,0,133,0,0
83.05,22,1,0,636,1,0
158.58,21,0,0,156,0,1
28.98,15,0,0,50,0,0
156.43,9,1,0,513,0,0
301.02,2,1,1,135,0,1
48.87,12,1,1,346,1,1
499.59,8,1,0,751,0,0
645.46,15,1,0,85,0,0
312.03,8,1,0,966,0,0
140.13,7,1,0,673,0,0
85.73,11,1,0,246,0,0
101.2,5,1,0,298,0,0
23.26,19,0,0,118,0,0
116.32,16,0,0,69,1,1
387.35,4,1,0,3,0,1
7.31,23,1,0,72,1,0
103.26,3,1,0,245,0,0
11.74,0,1,0,28,0,0
75.45,19,0,0,922,1,0
13.39,14,0,0,1280,0,0
181.22,15,1,0,958,0,0
19.6,7,0,1,695,0,1
165.56,0,0,0,664,0,1
871.8,20,1,0,771,0,1
33.3,4,1,0,11,0,0
90.3,9,1,1,54,1,1
255.16,16,1,0,306,1,0
146.31,16,1,0,208,0,0
197.1,5,1,0,19,1,1
137.34,12,0,1,37,0,1
108.6,18,1,0,1273,0,0
38.8,8,1,0,420,1,0
17.66,10,1,0,555,0,0
31.21,9,1,0,47,0,0
108.36,12,1,0,106,0,0
21.21,4,1,0,48,1,0
111.67,5,1,0,59,1,1
244.19,1,1,0,410,1,1
336.4,10,1,0,296,1,1
137.01,21,1,0,12,1,1
73.99,2,1,0,201,0,0
273.91,16,1,0,279,0,0
59.55,21,1,0,72,1,0
99.81,22,1,0,467,1,0
133.08,17,1,0,12,0,1
40.12,21,1,0,418,0,0
25.64,6,1,0,142,1,0
961.51,6,1,0,139,1,1
356.77,15,1,0,1048,0,0
219.73,7,1,0,62,0,0
77.04,12,1,0,206,0,0
179.98,15,1,0,57,0,1
68.69,1,1,0,29,0,0
50.18,23,1,0,294,0,0
13.07,2,1,0,23,1,1
185.07,2,1,0,155,0,1
188.26,18,1,1,138,1,1
245.17,7,1,0,202,0,0
254.65,11,1,0,85,1,1
5.95,14,1,0,55,0,0
29.52,20,1,0,108,0,0
57.01,2,1,0,520,0,0
33.42,6,1,0,4,0,0
51.37,19,1,0,11,0,0
376.99,17,1,0,294,1,0
36.54,18,1,0,333,1,0
455.32,19,1,0,135,0,0
64.53,5,1,0,42,0,0
45.95,6,1,0,336,1,1
22.75,6,0,0,916,1,0
221.26,6,1,0,71,0,0
87.62,17,1,0,5,1,0
50.79,15,1,0,373,1,0
366.77,23,1,1,862,0,1
52.55,3,1,0,452,0,0
123.88,22,1,0,844,1,0
612.23,16,1,0,49,0,1
70.83,13,0,0,61,0,0
149.77,18,1,0,176,0,0
101.26,9,1,0,332,0,0
66.66,14,1,0,65,0,1
42.08,9,0,0,35,0,0
201.84,19,1,0,135,1,0
23.13,2,1,0,323,1,0
289.62,20,1,0,517,0,0
197.25,17,1,0,120,0,0
419.21,11,1,0,238,0,0
22.26,3,1,0,745,1,0
58.28,15,1,0,81,0,0
55.85,0,1,0,174,0,0
55.54,16,1,0,694,0,0
31.24,0,0,0,140,0,0
85.3,20,1,1,55,1,1
133.52,12,0,0,19,0,1
69.5,20,1,0,47,0,0
84.58,6,0,0,545,0,0
43.0,11,1,0,22,0,0
756.02,5,1,0,38,1,1
46.58,13,1,0,40,0,0
38.04,3,0,0,52,0,0
28.44,16,1,0,68,1,0
15.4,21,1,0,1121,0,0
33.79,18,1,0,17,0,0
31.02,12,1,0,236,1,1
185.95,12,1,0,583,0,0
278.49,19,1,0,664,0,0
767.64,10,1,0,92,0,1
290.1,23,1,0,228,0,0
225.05,18,1,0,379,1,0
88.01,17,1,0,238,0,0
194.32,21,1,0,109,0,0
22.83,23,1,0,75,0,0
155.81,13,1,0,262,0,0
255.76,6,1,0,165,0,0
511.03,19,1,0,54,0,1
738.67,21,1,0,207,0,1
17.79,7,0,0,77,0,0
792.64,3,1,0,482,1,1
58.82,7,1,0,138,0,0
312.72,4,1,0,83,0,0
53.61,13,1,0,309,0,0
28.37,5,1,0,100,0,0
22.94,3,1,0,291,0,0
379.29,13,0,0,412,0,1
2210.61,22,1,0,111,0,1
53.52,17,1,0,469,0,0
38.35,14,1,0,138,0,0
91.95,21,1,0,278,0,0
42.88,7,1,1,127,0,1
92.81,8,1,0,384,0,0
398.18,2,1,0,492,0,0
30.57,18,1,0,109,1,0
65.13,8,0,0,283,0,0
13.16,18,1,0,245,0,0
28.25,9,1,0,165,1,0
835.93,18,1,0,353,0,1
710.48,0,1,0,223,1,1
71.03,21,1,0,179,0,0
195.67,14,1,0,242,1,0
193.3,23,1,0,56,1,1
41.46,3,1,0,56,0,0
123.55,17,0,0,190,0,1
16.27,4,1,0,304,0,0
814.06,8,0,0,287,0,1
121.31,13,1,0,388,1,0
154.24,23,1,0,253,1,0
52.85,15,1,2,23,0,1
245.09,21,1,0,721,0,0
24.83,13,1,0,907,1,0
32.18,8,0,0,13,0,0
44.38,20,1,0,206,0,0
29.15,3,1,0,427,0,0
122.15,23,1,0,156,0,0
96.05,4,0,0,497,1,1
133.26,2,1,0,576,0,0
173.09,16,1,0,56,0,1
22.51,5,1,0,254,0,0
32.39,20,1,0,1161,0,1
47.4,18,1,0,518,0,0
131.28,1,1,0,86,0,0
360.0,8,0,0,50,0,0
191.19,7,1,0,280,0,0
40.03,3,1,0,834,0,0
673.22,20,1,0,308,0,0
92.84,15,1,0,459,0,0
55.89,14,1,1,1044,1,1
111.68,4,1,0,149,0,0
298.81,15,1,1,245,0,1
24.39,5,1,0,270,0,0
591.09,22,1,0,140,0,0
143.25,23,1,1,211,0,1
75.52,23,1,0,2221,0,0
86.74,20,1,1,91,0,1
312.97,7,1,1,252,0,1
239.93,14,1,0,241,0,0
54.47,11,1,1,613,0,1
37.57,2,1,0,585,0,0
52.68,17,1,0,530,1,0
170.01,3,1,0,943,1,1
113.76,17,1,0,169,0,0
72.04,23,1,0,561,1,0
107.75,14,1,1,279,0,1
1015.99,11,0,1,962,0,1
560.96,2,1,0,213,0,0
174.51,5,1,0,28,0,1
68.01,13,1,0,25,0,0
58.71,22,1,0,537,0,0
41.06,4,1,0,108,1,1
277.19,8,0,0,176,0,1
24.83,0,1,0,318,0,0
71.69,19,1,0,127,0,0
187.51,19,0,0,25,0,1
27.48,3,1,0,247,0,0
146.73,0,1,0,562,1,1
970.31,5,0,0,82,0,1
332.98,3,1,0,661,0,0
82.6,12,1,0,317,0,0
318.72,21,0,0,135,0,1
274.72,7,0,1,132,1,1
129.03,3,1,0,294,0,0
58.75,10,1,0,239,1,1
33.45,11,1,0,705,0,0
33.5,21,1,0,65,1,0
205.36,4,1,0,869,0,0
18.09,13,1,0,300,0,0
4.01,15,1,0,97,1,0
955.98,2,1,0,464,1,1
13.55,22,1,0,135,1,0
145.66,4,1,0,39,1,1
28.78,2,1,0,126,0,0
111.17,15,1,0,433,1,0
10.91,5,1,0,587,0,0
83.99,3,1,1,30,1,1
450.24,18,1,0,193,0,0
274.81,22,0,0,118,1,1
53.98,21,0,0,527,1,0
44.5,19,1,0,83,1,0
28.19,19,1,0,110,0,0
52.48,2,1,1,394,0,1
31.45,11,1,1,92,1,1
35.25,22,1,0,45,1,0
131.06,7,1,0,11,0,1
1720.23,12,1,0,331,0,1
328.33,18,0,1,848,0,1
85.62,19,1,0,52,0,0
25.09,7,0,0,634,0,0
140.32,3,1,0,226,0,0
110.02,23,1,0,77,0,0
93.91,19,1,0,100,0,0
147.21,20,1,0,60,0,0
223.97,7,1,0,1,0,1
887.62,22,1,0,304,0,1
48.06,22,1,0,139,0,0
22.32,23,1,0,157,0,0
73.22,22,1,0,533,1,0
56.1,11,0,1,69,0,1
189.18,23,1,0,249,1,0
28.33,16,1,0,96,1,0
37.94,1,1,0,258,1,0
179.02,2,1,0,172,0,0
442.87,23,1,0,80,1,0
29.3,3,1,0,27,0,0
2298.42,2,0,0,211,0,1
217.89,12,1,0,106,1,0
74.86,10,1,0,928,1,1
77.98,19,1,0,5,1,0
347.63,2,1,0,89,0,0
219.83,1,1,1,1187,0,1
58.82,13,1,1,174,1,1
36.68,5,1,0,251,0,0
38.41,4,1,1,165,0,1
37.73,10,1,0,306,1,0
373.52,9,0,0,13,0,1
677.23,5,1,0,422,1,1
258.3,20,0,0,125,0,1
150.08,9,1,0,44,1,1
31.49,12,1,2,50,0,1
643.98,8,0,0,25,1,1
67.94,1,1,1,69,0,1
32.82,10,1,0,110,0,0
111.78,7,1,0,211,0,0
269.02,0,0,0,566,0,1
229.32,15,1,0,759,1,0
40.61,13,1,0,874,0,0
466.66,9,0,0,47,0,1
61.98,22,1,0,222,1,0
81.73,2,1,0,220,0,0
32.5,17,1,0,182,1,0
64.49,13,1,0,456,0,0
92.61,14,1,0,185,0,0
199.04,15,1,0,990,0,0
27.5,4,1,0,194,0,0
648.57,20,1,0,61,1,0
56.08,12,1,0,99,0,0
242.22,18,0,0,38,1,1
364.24,18,1,0,34,1,1
200.6,22,1,1,99,0,1
121.96,9,1,0,203,0,0
30.46,4,1,0,239,0,0
214.86,15,1,0,578,0,0
109.07,6,1,0,13,1,1
70.58,13,1,0,58,0,0
93.06,18,1,0,368,0,0
73.77,11,1,0,416,0,0
771.44,2,1,0,361,1,1
37.95,10,0,0,483,0,0
112.15,12,1,1,992,1,1
60.08,7,1,0,1029,1,1
360.44,8,1,0,176,0,1
86.75,1,1,0,133,1,1
225.87,23,1,1,288,0,1
66.31,4,1,0,604,0,0
47.7,18,1,0,282,0,0
14.07,8,1,0,105,0,0
77.07,0,1,0,343,1,1
13.56,2,1,0,231,0,0
135.72,15,1,0,232,0,0
93.23,9,1,0,174,0,0
177.85,7,1,0,896,0,0
28.11,17,1,0,427,0,0
68.25,22,1,0,16,0,1
14.08,18,1,0,947,0,1
170.57,11,1,1,213,0,1
172.98,13,1,0,222,1,0
55.99,9,1,0,259,0,0
398.2,19,0,0,881,0,1
90.94,22,1,0,49,0,0
58.36,2,1,0,144,0,0
240.71,13,0,1,214,1,1
95.23,2,1,0,110,0,0
130.26,21,1,0,394,1,0
48.12,7,0,0,32,1,1
328.85,1,1,0,40,0,1
102.62,17,1,0,807,0,0
111.56,23,1,0,239,0,0
25.24,17,1,0,59,1,0
84.02,4,1,0,413,0,1
172.46,11,1,0,29,0,1
39.84,21,1,0,459,0,0
13.64,1,1,0,510,0,0
99.68,21,1,0,207,0,0
46.6,15,1,0,559,0,0
34.77,23,1,0,125,0,0
499.93,18,1,1,5,0,1
46.63,0,1,0,1416,1,1
73.71,22,1,0,70,0,0
35.02,16,1,0,658,0,0
41.23,18,1,0,360,0,0
154.2,19,1,0,204,1,0
102.15,21,1,0,583,1,0
1025.44,5,1,0,279,0,1
28.72,11,1,0,628,1,0
66.37,13,1,0,277,0,0
448.28,20,0,0,188,0,1
95.11,14,1,0,253,1,0
280.48,12,1,0,589,0,0
100.27,13,1,0,126,1,0
1496.87,22,0,0,17,1,1
29.76,13,1,0,385,0,0
89.85,19,1,0,349,0,0
84.31,12,1,0,188,0,0
10.89,14,1,0,44,1,0
308.94,5,1,1,377,0,1
19.16,23,0,0,16,0,0
699.89,20,1,0,132,1,1
185.27,17,0,0,198,1,1
498.18,23,1,0,133,0,0
191.92,11,0,0,286,0,1
45.81,4,1,0,771,1,1
252.4,21,1,0,325,0,0
145.08,2,1,0,331,0,0
298.19,9,1,0,247,0,0
182.94,3,1,1,419,0,1
104.17,3,1,0,47,0,0
278.79,1,1,0,310,0,0
202.43,14,1,0,541,0,0
90.89,7,1,0,82,0,0
64.6,5,1,1,187,1,1
40.63,10,1,1,776,1,1
103.6,7,1,0,588,0,0
64.81,7,0,1,162,0,1
445.48,8,0,0,992,0,1
71.67,18,1,0,371,0,0
73.14,18,1,0,1533,0,0
19.14,5,1,0,529,0,0
20.96,22,1,0,2,1,0
29.54,13,1,0,470,1,0
31.71,19,0,0,49,0,0
85.41,21,1,0,241,0,0
304.09,5,1,0,91,0,0
66.92,6,1,1,357,0,1
51.78,16,0,1,42,0,1
140.6,12,0,0,108,1,1
61.78,18,1,0,111,0,1
96.02,8,1,0,28,0,0
65.01,13,1,0,64,0,0
344.4,8,1,0,257,1,1
31.03,16,0,0,90,0,0
58.61,7,1,0,751,1,1
138.16,11,1,0,344,0,0
50.63,2,0,1,333,1,1
8.87,4,1,0,353,0,0
19.01,23,1,0,810,0,0
150.54,2,0,0,282,1,1
97.31,9,0,0,147,1,0
87.17,13,1,0,164,0,0
666.1,2,1,0,434,1,1
31.37,16,1,0,619,1,0
223.94,6,0,0,358,0,1
110.88,12,1,0,304,0,0
199.19,17,1,0,239,0,0
40.0,17,1,0,237,1,0
55.66,15,1,0,918,1,1
245.95,10,1,0,186,0,0
57.95,16,1,0,473,1,1
98.84,9,1,0,400,0,0
162.94,17,1,1,385,1,1
27.41,15,1,0,74,1,0
99.61,21,1,2,159,0,1
126.55,11,1,1,49,0,0
233.24,20,1,0,339,1,0
368.46,11,0,0,221,0,1
38.0,17,1,2,389,0,1
237.58,7,1,1,485,0,1
361.33,9,1,1,73,1,1
218.54,13,1,1,32,1,1
31.42,2,1,0,59,0,0
56.63,15,1,0,134,0,0
71.4,20,0,0,255,0,0
171.65,20,1,0,36,0,1
127.71,20,1,0,644,1,0
34.12,8,1,0,50,1,0
68.36,6,1,0,378,1,1
34.55,9,1,0,191,0,0
81.63,13,1,2,1043,0,0
63.56,7,0,0,638,0,0
25.33,16,1,0,73,0,0
13.66,8,1,0,242,1,0
59.6,19,0,0,549,1,1
100.39,12,1,0,532,0,0
255.3,9,0,0,854,0,1
52.21,3,1,0,134,1,1
262.49,16,1,0,185,0,0
208.5,16,1,0,584,0,0
31.57,3,1,0,699,0,1
157.02,20,1,0,394,0,0
347.94,7,0,0,529,0,1
