arm,minutes
control,51.6
control,40.8
treatment,45.0
control,44.3
treatment,31.3
control,43.9
control,35.9
treatment,38.9
control,34.9
treatment,44.4
treatment,37.4
treatment,34.6
treatment,38.8
treatment,46.3
control,45.3
treatment,43.1
control,39.0
control,35.5
control,47.4
treatment,43.5
treatment,40.7
treatment,40.1
control,44.4
treatment,37.3
control,40.1
treatment,40.4
control,49.3
treatment,38.8
treatment,42.9
treatment,39.6
treatment,35.5
control,41.1
control,41.5
control,45.0
treatment,26.2
treatment,31.9
control,36.2
control,42.4
control,41.8
treatment,36.4
treatment,38.4
treatment,27.5
treatment,47.0
treatment,37.0
treatment,43.0
control,35.3
control,58.7
treatment,29.1
control,40.5
treatment,37.2
treatment,35.2
treatment,33.3
treatment,43.1
treatment,32.7
control,40.0
control,47.4
treatment,32.4
control,40.9
treatment,29.9
treatment,37.3
treatment,39.7
control,51.1
control,47.6
treatment,41.9
control,38.9
control,45.8
control,37.0
treatment,47.1
treatment,43.7
treatment,43.5
treatment,43.5
control,34.8
treatment,34.7
control,44.6
treatment,39.1
treatment,36.7
treatment,37.5
control,48.2
control,46.1
treatment,38.9
treatment,28.5
control,43.5
control,39.9
treatment,36.1
treatment,34.3
treatment,33.4
treatment,41.0
control,45.9
treatment,34.9
treatment,37.7
treatment,34.1
control,35.8
control,44.9
treatment,33.1
treatment,38.0
treatment,40.1
control,44.2
control,44.1
control,39.7
treatment,42.4
control,47.0
treatment,46.1
treatment,30.0
treatment,54.3
control,44.7
treatment,44.4
control,41.8
control,37.3
control,33.9
control,46.0
control,38.0
control,45.6
control,30.9
treatment,36.7
treatment,49.9
control,47.3
treatment,36.3
treatment,48.5
control,42.2
control,39.0
control,36.7
control,41.8
control,39.4
control,28.7
treatment,39.1
control,48.6
control,42.9
control,54.4
control,30.4
treatment,26.7
control,36.8
control,38.2
control,38.6
control,42.8
control,41.2
control,33.3
treatment,37.4
control,40.2
control,30.8
treatment,45.9
treatment,43.1
control,39.2
treatment,41.3
control,42.6
treatment,41.7
control,39.1
treatment,33.8
treatment,40.3
control,46.0
control,35.3
control,45.0
control,41.3
control,36.0
control,41.1
control,36.9
treatment,33.5
treatment,28.2
treatment,45.6
control,35.2
treatment,36.0
treatment,36.7
treatment,40.8
control,45.5
treatment,48.1
treatment,38.9
treatment,32.5
treatment,35.5
treatment,42.4
treatment,29.8
treatment,34.2
control,35.7
control,49.9
control,40.2
control,40.8
treatment,32.0
control,34.0
control,42.2
control,41.4
treatment,38.1
control,44.8
control,45.9
treatment,24.4
treatment,42.1
control,41.0
control,28.3
treatment,44.3
treatment,38.2
control,33.0
control,39.9
control,27.0
treatment,37.0
treatment,30.3
treatment,37.2
control,43.8
treatment,44.7
treatment,30.3
control,34.0
control,37.8
control,41.7
control,45.8
treatment,39.2
control,46.0
treatment,47.2
treatment,45.1
control,45.6
control,41.1
treatment,38.3
control,41.1
treatment,36.0
control,48.6
treatment,38.1
control,44.1
treatment,46.5
treatment,27.9
treatment,44.9
control,41.1
control,35.9
treatment,45.0
treatment,36.3
control,49.3
control,35.5
treatment,35.3
control,39.7
treatment,39.0
treatment,46.8
control,39.2
treatment,41.8
treatment,39.4
control,43.2
control,34.4
treatment,38.2
treatment,38.4
treatment,36.3
control,40.9
treatment,36.1
control,50.6
treatment,45.9
control,31.9
control,38.1
control,47.4
