name,email,signup_date,amount,country
Mary-Jane O'Neil,maryjane.oneil44@example.com,2024-07-31,756.14,IN
Li Patel,li.patel67@mail.example.org,2019-07-28,48.00,BR
Ines Patel,ines.patel16@corp.example.net,2020-06-04,2169.85,IN
John Garcia,john.garcia72@mail.example.org,2020-08-12,605.77,DE
Kwame Mensah,kwame.mensah5@mail.example.org,2021-01-22,1334.17,BR
John Mensah,john.mensah58@mail.example.org,2019-05-10,2265.41,GB
Aisha Mensah,aisha.mensah76@corp.example.net,2022-04-01,789.24,FR
D'Arcy Petrov,darcy.petrov67@mail.example.org,2023-07-21,1731.04,GB
Nora Stone,nora.stone40@example.com,2021-01-19,314.99,IN
John Khan,john.khan66@corp.example.net,2020-12-26,1111.99,US
Nora O'Neil,nora.oneil89@example.com,2021-09-08,2382.82,IN
Aisha Silva,aisha.silva6@corp.example.net,2023-08-15,2088.98,FR
