Full Name,Country,Amount,Signup Date,E-mail
 Mary-Jane O'Neil, IN, 756.14,07/31/2024, mAryJane.oneil44@exaMpLE.cOm
  Li Patel , Brazil ,  48.0  , 07/28/2019,  Li.pATel67@mAil.example.orG 
iNES  pATEL , IN ," $2,169.85 ",2020/06/04 , iNes.PaTel16@CorP.exAMplE.nEt  
" Garcia,   John", DE,$ 605.77  ,2020-08-12  , johN.GaRcia72@mAil.EXamPLe.ORG  
Kwame Mensah,  brasil  , 1334.17  ,  01/22/2021, KwAme.meNsah5@mail.exaMple.oRg  
  John  Mensah  ,  Great Britain  ,$ 2265.41  ,  2019/05/10, joHn.mensah58@MaIl.eXample.OrG
" Mensah,  Aisha",  france, $789.24  , 2022-04-01 ,  aIsha.mEnSAh76@cOrP.ExamPlE.nET  
  D'ARCY   PETROV  ,Great Britain  ,  $ 1731.04  , 07/21/2023  ,darcy.PeTROv67@mail.eXAmpLe.org 
nora   stone  , India  ,  314.99 ,  19 Jan 2021 , Nora.stone40@example.COm 
john khan  ,us,"  1,111.99", 2020/12/26,joHN.kHan66@corP.examPlE.Net
 john   mensah,GB ," $2,405.87  ", 20190510, joHn.mensAh58@mail.example.org 
nora   o'neil  ,IN ,"$2,382.82  ",09/08/2021,noRA.oNEIl89@exaMple.Com  
 Aisha  Silva, FR  ,"$2,088.98",  2023/08/15  ,aishA.silva6@corp.eXAmple.net 
  MARY-JANE   O'NEIL  , in, 756.14 , 07/31/2024,
  D'Arcy  Petrov,gb , USD 116.47 ,  2023/07/21 , darcy.pEtrov67@MaIl.ExAMple.org
